Position,Name + ID,Name,ID,Roster Position,Salary,Game Info,TeamAbbrev,AvgPointsPerGame
M,Kevin De Bruyne (14054255),Kevin De Bruyne,14054255,M/UTIL,10900,MCI vs EVE 12:30PM ET,MCI,23.62
M,James Maddison (14054257),James Maddison,14054257,M/UTIL,9700,NEW vs LEI 10:00AM ET,LEI,18.49
F,Sergio Aguero (14054259),Sergio Aguero,14054259,F/UTIL,9600,MCI vs EVE 12:30PM ET,MCI,12.97
M/F,Raheem Sterling (14054266),Raheem Sterling,14054266,M/F/UTIL,9400,MCI vs EVE 12:30PM ET,MCI,15.15
F,Gabriel Jesus (14054264),Gabriel Jesus,14054264,F/UTIL,9300,MCI vs EVE 12:30PM ET,MCI,10.32
M/F,Riyad Mahrez (14054269),Riyad Mahrez,14054269,M/F/UTIL,9200,MCI vs EVE 12:30PM ET,MCI,14.05
M/F,Son Heung-Min (14054261),Son Heung-Min,14054261,M/F/UTIL,9100,SOU vs TOT 10:00AM ET,TOT,13.55
F,Jamie Vardy (14054272),Jamie Vardy,14054272,F/UTIL,9000,NEW vs LEI 10:00AM ET,LEI,15.76
F,Harry Kane (14054274),Harry Kane,14054274,F/UTIL,8900,SOU vs TOT 10:00AM ET,TOT,13.36
M/F,Adama Traore (14054276),Adama Traore,14054276,M/F/UTIL,8800,WAT vs WOL 10:00AM ET,WOL,13.36
F,Raul Jimenez (14054279),Raul Jimenez,14054279,F/UTIL,8700,WAT vs WOL 10:00AM ET,WOL,13.57
M/F,Bernardo Silva (14054281),Bernardo Silva,14054281,M/F/UTIL,8400,MCI vs EVE 12:30PM ET,MCI,11.40
M/F,Leroy Sane (14054286),Leroy Sane,14054286,M/F/UTIL,8200,MCI vs EVE 12:30PM ET,MCI,0
M,Emiliano Buendia (14054284),Emiliano Buendia,14054284,M/UTIL,8100,NOR vs CRY 12:30PM ET,NOR,12.84
M,Christian Eriksen (14054289),Christian Eriksen,14054289,M/UTIL,7800,SOU vs TOT 10:00AM ET,TOT,8.38
M,Phil Foden (14054291),Phil Foden,14054291,M/UTIL,7700,MCI vs EVE 12:30PM ET,MCI,3.16
M,James Ward-Prowse (14054293),James Ward-Prowse,14054293,M/UTIL,7600,SOU vs TOT 10:00AM ET,SOU,13.59
F,Danny Ings (14054295),Danny Ings,14054295,F/UTIL,7500,SOU vs TOT 10:00AM ET,SOU,11.74
M,Dele Alli (14054297),Dele Alli,14054297,M/UTIL,7400,SOU vs TOT 10:00AM ET,TOT,12.87
M/F,Lucas Moura (14054299),Lucas Moura,14054299,M/F/UTIL,7300,SOU vs TOT 10:00AM ET,TOT,7.28
M,Joao Moutinho (14054302),Joao Moutinho,14054302,M/UTIL,7200,WAT vs WOL 10:00AM ET,WOL,12.56
F,Gerard Deulofeu (14054306),Gerard Deulofeu,14054306,F/UTIL,7200,WAT vs WOL 10:00AM ET,WAT,11.26
M/F,Erik Lamela (14054308),Erik Lamela,14054308,M/F/UTIL,7100,SOU vs TOT 10:00AM ET,TOT,10.60
M,Robert Snodgrass (14054304),Robert Snodgrass,14054304,M/UTIL,7100,WHU vs BOU 12:30PM ET,WHU,11.92
M/F,Ismaila Sarr (14054311),Ismaila Sarr,14054311,M/F/UTIL,7000,WAT vs WOL 10:00AM ET,WAT,8.47
F,Troy Deeney (14054316),Troy Deeney,14054316,F/UTIL,6900,WAT vs WOL 10:00AM ET,WAT,8.36
M,Ryan Fraser (14054314),Ryan Fraser,14054314,M/UTIL,6900,WHU vs BOU 12:30PM ET,BOU,10.28
M/F,Diogo Jota (14054318),Diogo Jota,14054318,M/F/UTIL,6800,WAT vs WOL 10:00AM ET,WOL,8.88
M,David Silva (14054321),David Silva,14054321,M/UTIL,6700,MCI vs EVE 12:30PM ET,MCI,11.21
M,Jonjo Shelvey (14054323),Jonjo Shelvey,14054323,M/UTIL,6600,NEW vs LEI 10:00AM ET,NEW,11.9
F,Kelechi Iheanacho (14054325),Kelechi Iheanacho,14054325,F/UTIL,6600,NEW vs LEI 10:00AM ET,LEI,16.12
M/F,Gylfi Sigurdsson (14054327),Gylfi Sigurdsson,14054327,M/F/UTIL,6500,MCI vs EVE 12:30PM ET,EVE,10.09
M,Ilkay Gundogan (14054330),Ilkay Gundogan,14054330,M/UTIL,6400,MCI vs EVE 12:30PM ET,MCI,6.04
M,Todd Cantwell (14054332),Todd Cantwell,14054332,M/UTIL,6300,NOR vs CRY 12:30PM ET,NOR,8.89
F,Troy Parrott (14054334),Troy Parrott,14054334,F/UTIL,6300,SOU vs TOT 10:00AM ET,TOT,0.08
F,Dominic Calvert-Lewin (14054338),Dominic Calvert-Lewin,14054338,F/UTIL,6200,MCI vs EVE 12:30PM ET,EVE,8.88
M/F, Richarlison (14054340), Richarlison,14054340,M/F/UTIL,6200,MCI vs EVE 12:30PM ET,EVE,12.97
M,Harry Wilson (14054336),Harry Wilson,14054336,M/UTIL,6200,WHU vs BOU 12:30PM ET,BOU,10.00
M/F,Michail Antonio (14054343),Michail Antonio,14054343,M/F/UTIL,6200,WHU vs BOU 12:30PM ET,WHU,8.12
M,Matt Ritchie (14054346),Matt Ritchie,14054346,M/UTIL,6100,NEW vs LEI 10:00AM ET,NEW,11.73
M/F,Wilfried Zaha (14054350),Wilfried Zaha,14054350,M/F/UTIL,6100,NOR vs CRY 12:30PM ET,CRY,9.37
F,Sebastien Haller (14054348),Sebastien Haller,14054348,F/UTIL,6100,WHU vs BOU 12:30PM ET,WHU,8.64
M,Youri Tielemans (14054353),Youri Tielemans,14054353,M/UTIL,6000,NEW vs LEI 10:00AM ET,LEI,10.18
F,Teemu Pukki (14054355),Teemu Pukki,14054355,F/UTIL,6000,NOR vs CRY 12:30PM ET,NOR,10.91
GK,Ederson Ederson (14054357),Ederson Ederson,14054357,GK,5900,MCI vs EVE 12:30PM ET,MCI,7.47
M/F,Ayoze Perez (14054362),Ayoze Perez,14054362,M/F/UTIL,5900,NEW vs LEI 10:00AM ET,LEI,8.80
M,Moussa Djenepo (14054358),Moussa Djenepo,14054358,M/UTIL,5900,SOU vs TOT 10:00AM ET,SOU,7.76
F,Patrick Cutrone (14054360),Patrick Cutrone,14054360,F/UTIL,5900,WAT vs WOL 10:00AM ET,WOL,4.29
GK,Scott Carson (14054365),Scott Carson,14054365,GK,5800,MCI vs EVE 12:30PM ET,MCI,0
GK,Claudio Bravo (14054366),Claudio Bravo,14054366,GK,5800,MCI vs EVE 12:30PM ET,MCI,4.46
GK,Daniel Grimshaw (14054367),Daniel Grimshaw,14054367,GK,5800,MCI vs EVE 12:30PM ET,MCI,0
M,Luka Milivojevic (14054368),Luka Milivojevic,14054368,M/UTIL,5800,NOR vs CRY 12:30PM ET,CRY,10.10
F,Jordan Ayew (14054370),Jordan Ayew,14054370,F/UTIL,5800,NOR vs CRY 12:30PM ET,CRY,8.91
M,Harvey Barnes (14054372),Harvey Barnes,14054372,M/UTIL,5700,NEW vs LEI 10:00AM ET,LEI,6.90
F,Andriy Yarmolenko (14054374),Andriy Yarmolenko,14054374,F/UTIL,5700,WHU vs BOU 12:30PM ET,WHU,6.79
F,Ian Carlo Poveda-Ocampo (14054387),Ian Carlo Poveda-Ocampo,14054387,F/UTIL,5600,MCI vs EVE 12:30PM ET,MCI,0
GK,Kasper Schmeichel (14054376),Kasper Schmeichel,14054376,GK,5600,NEW vs LEI 10:00AM ET,LEI,8.91
M,Felipe Anderson (14054377),Felipe Anderson,14054377,M/UTIL,5600,WHU vs BOU 12:30PM ET,WHU,8.96
M,Pablo Fornals (14054385),Pablo Fornals,14054385,M/UTIL,5600,WHU vs BOU 12:30PM ET,WHU,6.41
D, Angelino (14054381), Angelino,14054381,D/UTIL,5500,MCI vs EVE 12:30PM ET,MCI,9.3
GK,Eldin Jakupovic (14054379),Eldin Jakupovic,14054379,GK,5500,NEW vs LEI 10:00AM ET,LEI,0
GK,Danny Ward (14054380),Danny Ward,14054380,GK,5500,NEW vs LEI 10:00AM ET,LEI,0
M/F,Miguel Almiron (14054389),Miguel Almiron,14054389,M/F/UTIL,5500,NEW vs LEI 10:00AM ET,NEW,7.27
M,Giovani Lo Celso (14054383),Giovani Lo Celso,14054383,M/UTIL,5500,SOU vs TOT 10:00AM ET,TOT,3.06
M,Mario Vrancic (14054394),Mario Vrancic,14054394,M/UTIL,5400,NOR vs CRY 12:30PM ET,NOR,3.78
D,Serge Aurier (14054392),Serge Aurier,14054392,D/UTIL,5400,SOU vs TOT 10:00AM ET,TOT,10.37
F,Shane Long (14054396),Shane Long,14054396,F/UTIL,5400,SOU vs TOT 10:00AM ET,SOU,4.14
D,Lucas Digne (14054399),Lucas Digne,14054399,D/UTIL,5300,MCI vs EVE 12:30PM ET,EVE,13.54
F,Andy Carroll (14054403),Andy Carroll,14054403,F/UTIL,5300,NEW vs LEI 10:00AM ET,NEW,4.59
M,Victor Camarasa (14054401),Victor Camarasa,14054401,M/UTIL,5300,NOR vs CRY 12:30PM ET,CRY,0.06
GK,Lukasz Fabianski (14054398),Lukasz Fabianski,14054398,GK,5300,WHU vs BOU 12:30PM ET,WHU,8.36
M/F,Andros Townsend (14054415),Andros Townsend,14054415,M/F/UTIL,5200,NOR vs CRY 12:30PM ET,CRY,6.41
GK,Paulo Gazzaniga (14054405),Paulo Gazzaniga,14054405,GK,5200,SOU vs TOT 10:00AM ET,TOT,6.52
GK,David Martin (14054406),David Martin,14054406,GK,5200,WHU vs BOU 12:30PM ET,WHU,8.80
GK,Roberto Jimenez (14054407),Roberto Jimenez,14054407,GK,5200,WHU vs BOU 12:30PM ET,WHU,5.09
GK,Joseph Anang (14054408),Joseph Anang,14054408,GK,5200,WHU vs BOU 12:30PM ET,WHU,0
D,Diego Rico (14054409),Diego Rico,14054409,D/UTIL,5200,WHU vs BOU 12:30PM ET,BOU,11.62
M,Manuel Lanzini (14054411),Manuel Lanzini,14054411,M/UTIL,5200,WHU vs BOU 12:30PM ET,WHU,8.34
F,Callum Wilson (14054413),Callum Wilson,14054413,F/UTIL,5200,WHU vs BOU 12:30PM ET,BOU,6.27
D,Joao Cancelo (14054422),Joao Cancelo,14054422,D/UTIL,5100,MCI vs EVE 12:30PM ET,MCI,7.90
M/F,Theo Walcott (14054428),Theo Walcott,14054428,M/F/UTIL,5100,MCI vs EVE 12:30PM ET,EVE,5.24
M,Marc Albrighton (14054424),Marc Albrighton,14054424,M/UTIL,5100,NEW vs LEI 10:00AM ET,LEI,4.94
GK,Hugo Lloris (14054418),Hugo Lloris,14054418,GK,5100,SOU vs TOT 10:00AM ET,TOT,9.6
GK,Michel Vorm (14054419),Michel Vorm,14054419,GK,5100,SOU vs TOT 10:00AM ET,TOT,0
GK,Alfie Whiteman (14054420),Alfie Whiteman,14054420,GK,5100,SOU vs TOT 10:00AM ET,TOT,0
GK,Brandon Austin (14054421),Brandon Austin,14054421,GK,5100,SOU vs TOT 10:00AM ET,TOT,0
F,Michael Obafemi (14054426),Michael Obafemi,14054426,F/UTIL,5100,SOU vs TOT 10:00AM ET,SOU,2.47
F,Cenk Tosun (14054438),Cenk Tosun,14054438,F/UTIL,5000,MCI vs EVE 12:30PM ET,EVE,6.44
D,Ricardo Pereira (14054432),Ricardo Pereira,14054432,D/UTIL,5000,NEW vs LEI 10:00AM ET,LEI,10.42
F, Joelinton (14054436), Joelinton,14054436,F/UTIL,5000,NEW vs LEI 10:00AM ET,NEW,5.44
M,Onel Hernandez (14054434),Onel Hernandez,14054434,M/UTIL,5000,NOR vs CRY 12:30PM ET,NOR,6.12
GK,Rui Patricio (14054431),Rui Patricio,14054431,GK,5000,WAT vs WOL 10:00AM ET,WOL,6.33
D,Benjamin Mendy (14054445),Benjamin Mendy,14054445,D/UTIL,4900,MCI vs EVE 12:30PM ET,MCI,7.23
GK,Tim Krul (14054440),Tim Krul,14054440,GK,4900,NOR vs CRY 12:30PM ET,NOR,6.01
F,Christian Benteke (14054449),Christian Benteke,14054449,F/UTIL,4900,NOR vs CRY 12:30PM ET,CRY,2.75
F,Josip Drmic (14054451),Josip Drmic,14054451,F/UTIL,4900,NOR vs CRY 12:30PM ET,NOR,2.14
M/F,Nathan Redmond (14054453),Nathan Redmond,14054453,M/F/UTIL,4900,SOU vs TOT 10:00AM ET,SOU,6.88
GK,John Ruddy (14054441),John Ruddy,14054441,GK,4900,WAT vs WOL 10:00AM ET,WOL,0
GK,Andreas Sondergaard (14054442),Andreas Sondergaard,14054442,GK,4900,WAT vs WOL 10:00AM ET,WOL,0
D,Matt Doherty (14054443),Matt Doherty,14054443,D/UTIL,4900,WAT vs WOL 10:00AM ET,WOL,6.71
M,Junior Stanislas (14054447),Junior Stanislas,14054447,M/UTIL,4900,WHU vs BOU 12:30PM ET,BOU,5.68
D,Ben Chilwell (14054459),Ben Chilwell,14054459,D/UTIL,4800,NEW vs LEI 10:00AM ET,LEI,10.41
M,Demarai Gray (14054465),Demarai Gray,14054465,M/UTIL,4800,NEW vs LEI 10:00AM ET,LEI,5.07
GK,Michael McGovern (14054456),Michael McGovern,14054456,GK,4800,NOR vs CRY 12:30PM ET,NOR,2.69
GK,Ralf Fahrmann (14054457),Ralf Fahrmann,14054457,GK,4800,NOR vs CRY 12:30PM ET,NOR,0.1
GK,Archie Mair (14054458),Archie Mair,14054458,GK,4800,NOR vs CRY 12:30PM ET,NOR,0
D,Patrick van Aanholt (14054461),Patrick van Aanholt,14054461,D/UTIL,4800,NOR vs CRY 12:30PM ET,CRY,7.76
M,Tanguy Ndombele (14054463),Tanguy Ndombele,14054463,M/UTIL,4800,SOU vs TOT 10:00AM ET,TOT,6.81
F,Danny Welbeck (14054467),Danny Welbeck,14054467,F/UTIL,4800,WAT vs WOL 10:00AM ET,WAT,2.74
F,Joshua King (14054469),Joshua King,14054469,F/UTIL,4800,WHU vs BOU 12:30PM ET,BOU,7.04
D,Djibril Sidibe (14054474),Djibril Sidibe,14054474,D/UTIL,4700,MCI vs EVE 12:30PM ET,EVE,10.02
F,Moise Kean (14054484),Moise Kean,14054484,F/UTIL,4700,MCI vs EVE 12:30PM ET,EVE,2.56
M,Allan Saint-Maximin (14054476),Allan Saint-Maximin,14054476,M/UTIL,4700,NEW vs LEI 10:00AM ET,NEW,7.11
GK,Vicente Guaita (14054471),Vicente Guaita,14054471,GK,4700,NOR vs CRY 12:30PM ET,CRY,7.90
M,Sofiane Boufal (14054478),Sofiane Boufal,14054478,M/UTIL,4700,SOU vs TOT 10:00AM ET,SOU,4.90
D,Jose Holebas (14054472),Jose Holebas,14054472,D/UTIL,4700,WAT vs WOL 10:00AM ET,WAT,7.51
M,Tom Cleverley (14054480),Tom Cleverley,14054480,M/UTIL,4700,WAT vs WOL 10:00AM ET,WAT,7.87
F,Pedro Neto (14054482),Pedro Neto,14054482,F/UTIL,4700,WAT vs WOL 10:00AM ET,WOL,2.84
D,Oleksandr Zinchenko (14054489),Oleksandr Zinchenko,14054489,D/UTIL,4600,MCI vs EVE 12:30PM ET,MCI,8.49
M/F,Alex Iwobi (14054501),Alex Iwobi,14054501,M/F/UTIL,4600,MCI vs EVE 12:30PM ET,EVE,6.09
GK,Wayne Hennessey (14054486),Wayne Hennessey,14054486,GK,4600,NOR vs CRY 12:30PM ET,CRY,9.33
GK,Stephen Henderson (14054487),Stephen Henderson,14054487,GK,4600,NOR vs CRY 12:30PM ET,CRY,0
F,James Daly (14054499),James Daly,14054499,F/UTIL,4600,NOR vs CRY 12:30PM ET,CRY,0
D,Danny Rose (14054491),Danny Rose,14054491,D/UTIL,4600,SOU vs TOT 10:00AM ET,TOT,6.06
F,Che Adams (14054497),Che Adams,14054497,F/UTIL,4600,SOU vs TOT 10:00AM ET,SOU,2.14
GK,Ben Foster (14054488),Ben Foster,14054488,GK,4600,WAT vs WOL 10:00AM ET,WAT,5.98
M,Ruben Neves (14054495),Ruben Neves,14054495,M/UTIL,4600,WAT vs WOL 10:00AM ET,WOL,6.49
M,David Brooks (14054493),David Brooks,14054493,M/UTIL,4600,WHU vs BOU 12:30PM ET,BOU,0
M,James McArthur (14054511),James McArthur,14054511,M/UTIL,4500,NOR vs CRY 12:30PM ET,CRY,6.18
F,Dennis Srbeny (14054517),Dennis Srbeny,14054517,F/UTIL,4500,NOR vs CRY 12:30PM ET,NOR,2.22
GK,Heurelho Gomes (14054504),Heurelho Gomes,14054504,GK,4500,WAT vs WOL 10:00AM ET,WAT,0
GK,Daniel Bachmann (14054505),Daniel Bachmann,14054505,GK,4500,WAT vs WOL 10:00AM ET,WAT,0
GK,Pontus Dahlberg (14054506),Pontus Dahlberg,14054506,GK,4500,WAT vs WOL 10:00AM ET,WAT,0
D,Daryl Janmaat (14054507),Daryl Janmaat,14054507,D/UTIL,4500,WAT vs WOL 10:00AM ET,WAT,7.05
M,Roberto Pereyra (14054513),Roberto Pereyra,14054513,M/UTIL,4500,WAT vs WOL 10:00AM ET,WAT,5.69
F,Austin Samuels (14054515),Austin Samuels,14054515,F/UTIL,4500,WAT vs WOL 10:00AM ET,WOL,0
D,Aaron Cresswell (14054509),Aaron Cresswell,14054509,D/UTIL,4500,WHU vs BOU 12:30PM ET,WHU,9.77
D,Kyle Walker (14054520),Kyle Walker,14054520,D/UTIL,4400,MCI vs EVE 12:30PM ET,MCI,6.37
M, Rodrigo (14054524), Rodrigo,14054524,M/UTIL,4400,MCI vs EVE 12:30PM ET,MCI,6.16
M, Bernard (14054528), Bernard,14054528,M/UTIL,4400,MCI vs EVE 12:30PM ET,EVE,6.28
D,Jetro Willems (14054522),Jetro Willems,14054522,D/UTIL,4400,NEW vs LEI 10:00AM ET,NEW,8.44
M,Sean Longstaff (14054526),Sean Longstaff,14054526,M/UTIL,4400,NEW vs LEI 10:00AM ET,NEW,6.05
GK,Alex McCarthy (14054519),Alex McCarthy,14054519,GK,4400,SOU vs TOT 10:00AM ET,SOU,5.68
F,Chem Campbell (14054532),Chem Campbell,14054532,F/UTIL,4400,WAT vs WOL 10:00AM ET,WOL,0
F,Arnaut Danjuma Groeneveld (14054530),Arnaut Danjuma Groeneveld,14054530,F/UTIL,4400,WHU vs BOU 12:30PM ET,BOU,3.35
D,Christian Fuchs (14054539),Christian Fuchs,14054539,D/UTIL,4300,NEW vs LEI 10:00AM ET,LEI,5.12
M,Kenny McLean (14054541),Kenny McLean,14054541,M/UTIL,4300,NOR vs CRY 12:30PM ET,NOR,7.63
M,Cheikhou Kouyate (14054545),Cheikhou Kouyate,14054545,M/UTIL,4300,NOR vs CRY 12:30PM ET,CRY,4.64
GK,Angus Gunn (14054535),Angus Gunn,14054535,GK,4300,SOU vs TOT 10:00AM ET,SOU,3.47
GK,Harry Lewis (14054536),Harry Lewis,14054536,GK,4300,SOU vs TOT 10:00AM ET,SOU,0
D,Kyle Walker-Peters (14054537),Kyle Walker-Peters,14054537,D/UTIL,4300,SOU vs TOT 10:00AM ET,TOT,7.61
M,Ryan Sessegnon (14054543),Ryan Sessegnon,14054543,M/UTIL,4300,SOU vs TOT 10:00AM ET,TOT,2.72
F,Benny Ashley-Seal (14054547),Benny Ashley-Seal,14054547,F/UTIL,4300,WAT vs WOL 10:00AM ET,WOL,0
GK,Aaron Ramsdale (14054534),Aaron Ramsdale,14054534,GK,4300,WHU vs BOU 12:30PM ET,BOU,7.03
M/F,Jordon Ibe (14054549),Jordon Ibe,14054549,M/F/UTIL,4300,WHU vs BOU 12:30PM ET,BOU,3.19
D,Fabian Schar (14054557),Fabian Schar,14054557,D/UTIL,4200,NEW vs LEI 10:00AM ET,NEW,7.21
F,Dwight Gayle (14054563),Dwight Gayle,14054563,F/UTIL,4200,NEW vs LEI 10:00AM ET,NEW,0.49
M,Pierre-Emile Højbjerg (14054559),Pierre-Emile Højbjerg,14054559,M/UTIL,4200,SOU vs TOT 10:00AM ET,SOU,7.15
D, Jonny (14054555), Jonny,14054555,D/UTIL,4200,WAT vs WOL 10:00AM ET,WOL,6.84
GK,Artur Boruc (14054552),Artur Boruc,14054552,GK,4200,WHU vs BOU 12:30PM ET,BOU,0
GK,Mark Travers (14054553),Mark Travers,14054553,GK,4200,WHU vs BOU 12:30PM ET,BOU,0
GK,William Dennis (14054554),William Dennis,14054554,GK,4200,WHU vs BOU 12:30PM ET,BOU,0
M,Jack Wilshere (14054561),Jack Wilshere,14054561,M/UTIL,4200,WHU vs BOU 12:30PM ET,WHU,1.01
M, Fernandinho (14054571), Fernandinho,14054571,M/UTIL,4100,MCI vs EVE 12:30PM ET,MCI,3.57
D,Cedric Soares (14054565),Cedric Soares,14054565,D/UTIL,4100,SOU vs TOT 10:00AM ET,SOU,6.85
M,Etienne Capoue (14054569),Etienne Capoue,14054569,M/UTIL,4100,WAT vs WOL 10:00AM ET,WAT,5.23
D,Adam Smith (14054567),Adam Smith,14054567,D/UTIL,4100,WHU vs BOU 12:30PM ET,BOU,6.42
F,Albian Ajeti (14054573),Albian Ajeti,14054573,F/UTIL,4100,WHU vs BOU 12:30PM ET,WHU,0.03
GK,Martin Dubravka (14054575),Martin Dubravka,14054575,GK,4000,NEW vs LEI 10:00AM ET,NEW,8.36
M,Dennis Praet (14054584),Dennis Praet,14054584,M/UTIL,4000,NEW vs LEI 10:00AM ET,LEI,3.35
D,Joel Ward (14054580),Joel Ward,14054580,D/UTIL,4000,NOR vs CRY 12:30PM ET,CRY,5.56
M,Marco Stiepermann (14054586),Marco Stiepermann,14054586,M/UTIL,4000,NOR vs CRY 12:30PM ET,NOR,3.34
M,Moussa Sissoko (14054582),Moussa Sissoko,14054582,M/UTIL,4000,SOU vs TOT 10:00AM ET,TOT,4.57
D,Oskar Buur (14054576),Oskar Buur,14054576,D/UTIL,4000,WAT vs WOL 10:00AM ET,WOL,0
D,Ryan Fredericks (14054578),Ryan Fredericks,14054578,D/UTIL,4000,WHU vs BOU 12:30PM ET,WHU,5.99
M,Dan Gosling (14054588),Dan Gosling,14054588,M/UTIL,4000,WHU vs BOU 12:30PM ET,BOU,6.08
F,Dominic Solanke (14054590),Dominic Solanke,14054590,F/UTIL,4000,WHU vs BOU 12:30PM ET,BOU,3.04
D,Nicolas Otamendi (14054600),Nicolas Otamendi,14054600,D/UTIL,3900,MCI vs EVE 12:30PM ET,MCI,5.26
M,Adrian Bernabe (14054608),Adrian Bernabe,14054608,M/UTIL,3900,MCI vs EVE 12:30PM ET,MCI,0
GK,Robert Elliot (14054592),Robert Elliot,14054592,GK,3900,NEW vs LEI 10:00AM ET,NEW,0
GK,Karl Darlow (14054593),Karl Darlow,14054593,GK,3900,NEW vs LEI 10:00AM ET,NEW,0
M,Matthew Longstaff (14054604),Matthew Longstaff,14054604,M/UTIL,3900,NEW vs LEI 10:00AM ET,NEW,7.99
D,Max Aarons (14054594),Max Aarons,14054594,D/UTIL,3900,NOR vs CRY 12:30PM ET,NOR,5.49
F,Connor Wickham (14054610),Connor Wickham,14054610,F/UTIL,3900,NOR vs CRY 12:30PM ET,CRY,2.55
D,Ryan Bertrand (14054596),Ryan Bertrand,14054596,D/UTIL,3900,SOU vs TOT 10:00AM ET,SOU,7.00
M,Romain Saiss (14054602),Romain Saiss,14054602,M/UTIL,3900,WAT vs WOL 10:00AM ET,WOL,4.25
M,Taylor Perry (14054606),Taylor Perry,14054606,M/UTIL,3900,WAT vs WOL 10:00AM ET,WOL,0
D,Arthur Masuaku (14054598),Arthur Masuaku,14054598,D/UTIL,3900,WHU vs BOU 12:30PM ET,WHU,6.94
M,Dennis Adeniran (14054624),Dennis Adeniran,14054624,M/UTIL,3800,MCI vs EVE 12:30PM ET,EVE,0
D,Javier Manquillo (14054612),Javier Manquillo,14054612,D/UTIL,3800,NEW vs LEI 10:00AM ET,NEW,5.54
D,James Justin (14054616),James Justin,14054616,D/UTIL,3800,NEW vs LEI 10:00AM ET,LEI,4.28
M,Wilfred Ndidi (14054626),Wilfred Ndidi,14054626,M/UTIL,3800,NEW vs LEI 10:00AM ET,LEI,6.80
D,James Tomkins (14054618),James Tomkins,14054618,D/UTIL,3800,NOR vs CRY 12:30PM ET,CRY,5.18
M,Jeffrey Schlupp (14054630),Jeffrey Schlupp,14054630,M/UTIL,3800,NOR vs CRY 12:30PM ET,CRY,6.27
M,Moritz Leitner (14054632),Moritz Leitner,14054632,M/UTIL,3800,NOR vs CRY 12:30PM ET,NOR,5.15
D,Jan Vertonghen (14054614),Jan Vertonghen,14054614,D/UTIL,3800,SOU vs TOT 10:00AM ET,TOT,6.45
M,Victor Wanyama (14054622),Victor Wanyama,14054622,M/UTIL,3800,SOU vs TOT 10:00AM ET,TOT,-0.33
D,Kiko Femenia (14054620),Kiko Femenia,14054620,D/UTIL,3800,WAT vs WOL 10:00AM ET,WAT,5.45
M,Will Hughes (14054634),Will Hughes,14054634,M/UTIL,3800,WAT vs WOL 10:00AM ET,WAT,6.18
M,Bruno Jordao (14054638),Bruno Jordao,14054638,M/UTIL,3800,WAT vs WOL 10:00AM ET,WOL,0
F,Andre Gray (14054640),Andre Gray,14054640,F/UTIL,3800,WAT vs WOL 10:00AM ET,WAT,3.37
M,Mark Noble (14054628),Mark Noble,14054628,M/UTIL,3800,WHU vs BOU 12:30PM ET,WHU,4.54
M,Andrew Surman (14054636),Andrew Surman,14054636,M/UTIL,3800,WHU vs BOU 12:30PM ET,BOU,0.49
GK,Jordan Pickford (14054642),Jordan Pickford,14054642,GK,3700,MCI vs EVE 12:30PM ET,EVE,5.37
D,Aymeric Laporte (14054647),Aymeric Laporte,14054647,D/UTIL,3700,MCI vs EVE 12:30PM ET,MCI,4.38
D,Leighton Baines (14054651),Leighton Baines,14054651,D/UTIL,3700,MCI vs EVE 12:30PM ET,EVE,3.31
M,Fabian Delph (14054655),Fabian Delph,14054655,M/UTIL,3700,MCI vs EVE 12:30PM ET,EVE,2.68
D,DeAndre Yedlin (14054649),DeAndre Yedlin,14054649,D/UTIL,3700,NEW vs LEI 10:00AM ET,NEW,5.05
M,Max Meyer (14054661),Max Meyer,14054661,M/UTIL,3700,NOR vs CRY 12:30PM ET,CRY,2.92
M,Eric Dier (14054653),Eric Dier,14054653,M/UTIL,3700,SOU vs TOT 10:00AM ET,TOT,2.51
M,Oriol Romeu (14054657),Oriol Romeu,14054657,M/UTIL,3700,SOU vs TOT 10:00AM ET,SOU,3.45
F,Daniel N'Lundulu (14054669),Daniel N'Lundulu,14054669,F/UTIL,3700,SOU vs TOT 10:00AM ET,SOU,0
D,Ruben Vinagre (14054645),Ruben Vinagre,14054645,D/UTIL,3700,WAT vs WOL 10:00AM ET,WOL,2.76
M,Nathaniel Chalobah (14054663),Nathaniel Chalobah,14054663,M/UTIL,3700,WAT vs WOL 10:00AM ET,WAT,2.37
M,Leander Dendoncker (14054667),Leander Dendoncker,14054667,M/UTIL,3700,WAT vs WOL 10:00AM ET,WOL,2.90
F,Isaac Success (14054671),Isaac Success,14054671,F/UTIL,3700,WAT vs WOL 10:00AM ET,WAT,1.40
D,Jack Stacey (14054643),Jack Stacey,14054643,D/UTIL,3700,WHU vs BOU 12:30PM ET,BOU,5.24
M,Carlos Sanchez (14054659),Carlos Sanchez,14054659,M/UTIL,3700,WHU vs BOU 12:30PM ET,WHU,0.16
M,Jefferson Lerma (14054665),Jefferson Lerma,14054665,M/UTIL,3700,WHU vs BOU 12:30PM ET,BOU,4.43
GK,Maarten Stekelenburg (14054673),Maarten Stekelenburg,14054673,GK,3600,MCI vs EVE 12:30PM ET,EVE,0
GK,Jonas Lossl (14054674),Jonas Lossl,14054674,GK,3600,MCI vs EVE 12:30PM ET,EVE,0
M,Tommy Doyle (14054685),Tommy Doyle,14054685,M/UTIL,3600,MCI vs EVE 12:30PM ET,MCI,0
M,Morgan Schneiderlin (14054691),Morgan Schneiderlin,14054691,M/UTIL,3600,MCI vs EVE 12:30PM ET,EVE,2.09
F,Oumar Niasse (14054701),Oumar Niasse,14054701,F/UTIL,3600,MCI vs EVE 12:30PM ET,EVE,-0.48
D,Federico Fernandez (14054675),Federico Fernandez,14054675,D/UTIL,3600,NEW vs LEI 10:00AM ET,NEW,5.22
D,Jonny Evans (14054677),Jonny Evans,14054677,D/UTIL,3600,NEW vs LEI 10:00AM ET,LEI,5.48
M,Ki Sung-Yueng (14054687),Ki Sung-Yueng,14054687,M/UTIL,3600,NEW vs LEI 10:00AM ET,NEW,3.89
F,Yoshinori Muto (14054699),Yoshinori Muto,14054699,F/UTIL,3600,NEW vs LEI 10:00AM ET,NEW,0.48
M,James McCarthy (14054695),James McCarthy,14054695,M/UTIL,3600,NOR vs CRY 12:30PM ET,CRY,2.08
M,Alexander Tettey (14054697),Alexander Tettey,14054697,M/UTIL,3600,NOR vs CRY 12:30PM ET,NOR,3.67
D,Sam McQueen (14054679),Sam McQueen,14054679,D/UTIL,3600,SOU vs TOT 10:00AM ET,SOU,0
M,Harry Winks (14054689),Harry Winks,14054689,M/UTIL,3600,SOU vs TOT 10:00AM ET,TOT,4.22
D,Dimitri Foulquier (14054681),Dimitri Foulquier,14054681,D/UTIL,3600,WAT vs WOL 10:00AM ET,WAT,0.62
D,Simon Francis (14054683),Simon Francis,14054683,D/UTIL,3600,WHU vs BOU 12:30PM ET,BOU,2.30
M,Declan Rice (14054693),Declan Rice,14054693,M/UTIL,3600,WHU vs BOU 12:30PM ET,WHU,4.56
D,Taylor Harwood-Bellis (14054703),Taylor Harwood-Bellis,14054703,D/UTIL,3500,MCI vs EVE 12:30PM ET,MCI,0
D,Seamus Coleman (14054707),Seamus Coleman,14054707,D/UTIL,3500,MCI vs EVE 12:30PM ET,EVE,5.67
D,Cuco Martina (14054709),Cuco Martina,14054709,D/UTIL,3500,MCI vs EVE 12:30PM ET,EVE,0
M,Andre Gomes (14054733),Andre Gomes,14054733,M/UTIL,3500,MCI vs EVE 12:30PM ET,EVE,2.14
D,Wes Morgan (14054711),Wes Morgan,14054711,D/UTIL,3500,NEW vs LEI 10:00AM ET,LEI,1.03
M,Christian Atsu (14054729),Christian Atsu,14054729,M/UTIL,3500,NEW vs LEI 10:00AM ET,NEW,3.84
D,Martin Kelly (14054715),Martin Kelly,14054715,D/UTIL,3500,NOR vs CRY 12:30PM ET,CRY,4.16
D,Jamal Lewis (14054717),Jamal Lewis,14054717,D/UTIL,3500,NOR vs CRY 12:30PM ET,NOR,4.63
D,Philip Heise (14054719),Philip Heise,14054719,D/UTIL,3500,NOR vs CRY 12:30PM ET,NOR,0
F,Adam Idah (14054735),Adam Idah,14054735,F/UTIL,3500,NOR vs CRY 12:30PM ET,NOR,0
D,Ben Davies (14054705),Ben Davies,14054705,D/UTIL,3500,SOU vs TOT 10:00AM ET,TOT,2.20
D,Kevin Danso (14054713),Kevin Danso,14054713,D/UTIL,3500,SOU vs TOT 10:00AM ET,SOU,3.12
M,Oliver Skipp (14054731),Oliver Skipp,14054731,M/UTIL,3500,SOU vs TOT 10:00AM ET,TOT,-0.11
M/F,William Smallbone (14054739),William Smallbone,14054739,M/F/UTIL,3500,SOU vs TOT 10:00AM ET,SOU,0
D,Adam Masina (14054721),Adam Masina,14054721,D/UTIL,3500,WAT vs WOL 10:00AM ET,WAT,3.68
M,Luke Cundle (14054727),Luke Cundle,14054727,M/UTIL,3500,WAT vs WOL 10:00AM ET,WOL,0
F,Sam Dalby (14054737),Sam Dalby,14054737,F/UTIL,3500,WAT vs WOL 10:00AM ET,WAT,0
D,Charlie Daniels (14054723),Charlie Daniels,14054723,D/UTIL,3500,WHU vs BOU 12:30PM ET,BOU,3.78
M,Lewis Cook (14054725),Lewis Cook,14054725,M/UTIL,3500,WHU vs BOU 12:30PM ET,BOU,2.43
D,Alpha Richard Dionkou (14054742),Alpha Richard Dionkou,14054742,D/UTIL,3400,MCI vs EVE 12:30PM ET,MCI,0
D,Paul Dummett (14054744),Paul Dummett,14054744,D/UTIL,3400,NEW vs LEI 10:00AM ET,NEW,4.43
D,Caglar Soyuncu (14054748),Caglar Soyuncu,14054748,D/UTIL,3400,NEW vs LEI 10:00AM ET,LEI,5.62
M,Matty James (14054760),Matty James,14054760,M/UTIL,3400,NEW vs LEI 10:00AM ET,LEI,0
D,Scott Dann (14054754),Scott Dann,14054754,D/UTIL,3400,NOR vs CRY 12:30PM ET,CRY,3.17
D,Sam Byram (14054756),Sam Byram,14054756,D/UTIL,3400,NOR vs CRY 12:30PM ET,NOR,3.84
M,Jairo Riedewald (14054766),Jairo Riedewald,14054766,M/UTIL,3400,NOR vs CRY 12:30PM ET,CRY,0.51
D,Toby Alderweireld (14054746),Toby Alderweireld,14054746,D/UTIL,3400,SOU vs TOT 10:00AM ET,TOT,4.42
D,Yan Valery (14054750),Yan Valery,14054750,D/UTIL,3400,SOU vs TOT 10:00AM ET,SOU,2.95
M,Stuart Armstrong (14054762),Stuart Armstrong,14054762,M/UTIL,3400,SOU vs TOT 10:00AM ET,SOU,1.99
D,Willy Boly (14054758),Willy Boly,14054758,D/UTIL,3400,WAT vs WOL 10:00AM ET,WOL,5.28
D,Pablo Zabaleta (14054752),Pablo Zabaleta,14054752,D/UTIL,3400,WHU vs BOU 12:30PM ET,WHU,3.36
M,Nathan Holland (14054764),Nathan Holland,14054764,M/UTIL,3400,WHU vs BOU 12:30PM ET,WHU,2.79
D,John Stones (14054768),John Stones,14054768,D/UTIL,3300,MCI vs EVE 12:30PM ET,MCI,3.78
D,Daniel Amartey (14054772),Daniel Amartey,14054772,D/UTIL,3300,NEW vs LEI 10:00AM ET,LEI,0
M,Isaac Hayden (14054796),Isaac Hayden,14054796,M/UTIL,3300,NEW vs LEI 10:00AM ET,NEW,4.65
D,Gary Cahill (14054778),Gary Cahill,14054778,D/UTIL,3300,NOR vs CRY 12:30PM ET,CRY,2.82
D,Grant Hanley (14054780),Grant Hanley,14054780,D/UTIL,3300,NOR vs CRY 12:30PM ET,NOR,3.74
M,Tom Trybull (14054788),Tom Trybull,14054788,M/UTIL,3300,NOR vs CRY 12:30PM ET,NOR,3.55
D,Japhet Tanganga (14054770),Japhet Tanganga,14054770,D/UTIL,3300,SOU vs TOT 10:00AM ET,TOT,0
D,Jake Vokins (14054774),Jake Vokins,14054774,D/UTIL,3300,SOU vs TOT 10:00AM ET,SOU,0
D,Christian Kabasele (14054782),Christian Kabasele,14054782,D/UTIL,3300,WAT vs WOL 10:00AM ET,WAT,4.80
D,Conor Coady (14054786),Conor Coady,14054786,D/UTIL,3300,WAT vs WOL 10:00AM ET,WOL,2.32
M,Abdoulaye Doucoure (14054790),Abdoulaye Doucoure,14054790,M/UTIL,3300,WAT vs WOL 10:00AM ET,WAT,5.72
M,Morgan Gibbs-White (14054794),Morgan Gibbs-White,14054794,M/UTIL,3300,WAT vs WOL 10:00AM ET,WOL,2.83
D,Angelo Ogbonna (14054776),Angelo Ogbonna,14054776,D/UTIL,3300,WHU vs BOU 12:30PM ET,WHU,5.15
D,Steve Cook (14054784),Steve Cook,14054784,D/UTIL,3300,WHU vs BOU 12:30PM ET,BOU,4.29
M,Philip Billing (14054792),Philip Billing,14054792,M/UTIL,3300,WHU vs BOU 12:30PM ET,BOU,4.70
D,Eric Garcia (14054798),Eric Garcia,14054798,D/UTIL,3200,MCI vs EVE 12:30PM ET,MCI,1.74
M,Jean-Philippe Gbamin (14054820),Jean-Philippe Gbamin,14054820,M/UTIL,3200,MCI vs EVE 12:30PM ET,EVE,2.75
D,Florian Lejeune (14054800),Florian Lejeune,14054800,D/UTIL,3200,NEW vs LEI 10:00AM ET,NEW,5.19
D,Filip Benkovic (14054804),Filip Benkovic,14054804,D/UTIL,3200,NEW vs LEI 10:00AM ET,LEI,0
M,Nampalys Mendy (14054822),Nampalys Mendy,14054822,M/UTIL,3200,NEW vs LEI 10:00AM ET,LEI,2.77
D,Mamadou Sakho (14054810),Mamadou Sakho,14054810,D/UTIL,3200,NOR vs CRY 12:30PM ET,CRY,1.45
D,Christoph Zimmermann (14054812),Christoph Zimmermann,14054812,D/UTIL,3200,NOR vs CRY 12:30PM ET,NOR,4.02
M,Nya Kirby (14054826),Nya Kirby,14054826,M/UTIL,3200,NOR vs CRY 12:30PM ET,CRY,0
M,Patrick Roberts (14054828),Patrick Roberts,14054828,M/UTIL,3200,NOR vs CRY 12:30PM ET,NOR,0.54
D,Davinson Sanchez (14054802),Davinson Sanchez,14054802,D/UTIL,3200,SOU vs TOT 10:00AM ET,TOT,2.77
D,Jack Stephens (14054806),Jack Stephens,14054806,D/UTIL,3200,SOU vs TOT 10:00AM ET,SOU,4.41
D,Adrian Mariappa (14054814),Adrian Mariappa,14054814,D/UTIL,3200,WAT vs WOL 10:00AM ET,WAT,2.25
D,Jesus Vallejo (14054818),Jesus Vallejo,14054818,D/UTIL,3200,WAT vs WOL 10:00AM ET,WOL,1.51
M,Tom Dele-Bashiru (14054830),Tom Dele-Bashiru,14054830,M/UTIL,3200,WAT vs WOL 10:00AM ET,WAT,0
D,Fabian Balbuena (14054808),Fabian Balbuena,14054808,D/UTIL,3200,WHU vs BOU 12:30PM ET,WHU,4.54
D,Chris Mepham (14054816),Chris Mepham,14054816,D/UTIL,3200,WHU vs BOU 12:30PM ET,BOU,4.46
M,Conor Coventry (14054824),Conor Coventry,14054824,M/UTIL,3200,WHU vs BOU 12:30PM ET,WHU,0
D,Michael Keane (14054836),Michael Keane,14054836,D/UTIL,3100,MCI vs EVE 12:30PM ET,EVE,3.89
M,Tom Davies (14054852),Tom Davies,14054852,M/UTIL,3100,MCI vs EVE 12:30PM ET,EVE,4.28
M,Beni Baningime (14054854),Beni Baningime,14054854,M/UTIL,3100,MCI vs EVE 12:30PM ET,EVE,0
D,Ciaran Clark (14054832),Ciaran Clark,14054832,D/UTIL,3100,NEW vs LEI 10:00AM ET,NEW,5.06
D,Sam Woods (14054842),Sam Woods,14054842,D/UTIL,3100,NOR vs CRY 12:30PM ET,CRY,0
D,Timm Klose (14054844),Timm Klose,14054844,D/UTIL,3100,NOR vs CRY 12:30PM ET,NOR,0
D,Juan Foyth (14054834),Juan Foyth,14054834,D/UTIL,3100,SOU vs TOT 10:00AM ET,TOT,0.98
D,Maya Yoshida (14054838),Maya Yoshida,14054838,D/UTIL,3100,SOU vs TOT 10:00AM ET,SOU,3.03
M,Owen Otasowie (14054850),Owen Otasowie,14054850,M/UTIL,3100,WAT vs WOL 10:00AM ET,WOL,0
D,Winston Reid (14054840),Winston Reid,14054840,D/UTIL,3100,WHU vs BOU 12:30PM ET,WHU,0
M,Matt Butcher (14054846),Matt Butcher,14054846,M/UTIL,3100,WHU vs BOU 12:30PM ET,BOU,0
M,Mihai-Alexandru Dobre (14054848),Mihai-Alexandru Dobre,14054848,M/UTIL,3100,WHU vs BOU 12:30PM ET,BOU,0
D,Mason Holgate (14054864),Mason Holgate,14054864,D/UTIL,3000,MCI vs EVE 12:30PM ET,EVE,5.43
M,Anthony Gordon (14054866),Anthony Gordon,14054866,M/UTIL,3000,MCI vs EVE 12:30PM ET,EVE,0
D,Jamaal Lascelles (14054862),Jamaal Lascelles,14054862,D/UTIL,3000,NEW vs LEI 10:00AM ET,NEW,3.2
M,Hamza Choudhury (14054868),Hamza Choudhury,14054868,M/UTIL,3000,NEW vs LEI 10:00AM ET,LEI,2.77
M,Brandon Pierrick (14054874),Brandon Pierrick,14054874,M/UTIL,3000,NOR vs CRY 12:30PM ET,CRY,0
M,Ibrahim Amadou (14054876),Ibrahim Amadou,14054876,M/UTIL,3000,NOR vs CRY 12:30PM ET,NOR,2.88
M,Callum Slattery (14054870),Callum Slattery,14054870,M/UTIL,3000,SOU vs TOT 10:00AM ET,SOU,0
D,Craig Cathcart (14054856),Craig Cathcart,14054856,D/UTIL,3000,WAT vs WOL 10:00AM ET,WAT,2.38
D,Dion Sanderson (14054860),Dion Sanderson,14054860,D/UTIL,3000,WAT vs WOL 10:00AM ET,WOL,0
M,Domingos Quina (14054878),Domingos Quina,14054878,M/UTIL,3000,WAT vs WOL 10:00AM ET,WAT,0.86
M,Meritan Shabani (14054884),Meritan Shabani,14054884,M/UTIL,3000,WAT vs WOL 10:00AM ET,WOL,0
M,Terry Taylor (14054886),Terry Taylor,14054886,M/UTIL,3000,WAT vs WOL 10:00AM ET,WOL,0
D,Nathan Ake (14054858),Nathan Ake,14054858,D/UTIL,3000,WHU vs BOU 12:30PM ET,BOU,5.83
M,Ben Johnson (14054872),Ben Johnson,14054872,M/UTIL,3000,WHU vs BOU 12:30PM ET,WHU,0
M,Gavin Kilkenny (14054880),Gavin Kilkenny,14054880,M/UTIL,3000,WHU vs BOU 12:30PM ET,BOU,0
M,Christian Saydee (14054882),Christian Saydee,14054882,M/UTIL,3000,WHU vs BOU 12:30PM ET,BOU,0
D,Nikola Tavares (14054892),Nikola Tavares,14054892,D/UTIL,2900,NOR vs CRY 12:30PM ET,CRY,0
D,Ben Godfrey (14054894),Ben Godfrey,14054894,D/UTIL,2900,NOR vs CRY 12:30PM ET,NOR,2.74
D,Jannik Vestergaard (14054888),Jannik Vestergaard,14054888,D/UTIL,2900,SOU vs TOT 10:00AM ET,SOU,5.22
D,Sebastian Prodl (14054896),Sebastian Prodl,14054896,D/UTIL,2900,WAT vs WOL 10:00AM ET,WAT,1.62
D,Issa Diop (14054890),Issa Diop,14054890,D/UTIL,2900,WHU vs BOU 12:30PM ET,WHU,2.80
D,Emil Krafth (14054902),Emil Krafth,14054902,D/UTIL,2800,NEW vs LEI 10:00AM ET,NEW,2.82
D,Flavio Cristovao (14054900),Flavio Cristovao,14054900,D/UTIL,2800,WAT vs WOL 10:00AM ET,WOL,0
D,Jack Simpson (14054898),Jack Simpson,14054898,D/UTIL,2800,WHU vs BOU 12:30PM ET,BOU,2.97
D,Yerry Mina (14054904),Yerry Mina,14054904,D/UTIL,2700,MCI vs EVE 12:30PM ET,EVE,4.74
D,Tyrick Mitchell (14054908),Tyrick Mitchell,14054908,D/UTIL,2700,NOR vs CRY 12:30PM ET,CRY,0
D,Akin Famewo (14054910),Akin Famewo,14054910,D/UTIL,2700,NOR vs CRY 12:30PM ET,NOR,0
D,Jan Bednarek (14054906),Jan Bednarek,14054906,D/UTIL,2700,SOU vs TOT 10:00AM ET,SOU,3.48
D,Craig Dawson (14054912),Craig Dawson,14054912,D/UTIL,2700,WAT vs WOL 10:00AM ET,WAT,2.06
D,Kayne Ramsay (14054918),Kayne Ramsay,14054918,D/UTIL,2600,SOU vs TOT 10:00AM ET,SOU,0
D,Maximilian Kilman (14054916),Maximilian Kilman,14054916,D/UTIL,2600,WAT vs WOL 10:00AM ET,WOL,2.27
D,Corey Jordan (14054914),Corey Jordan,14054914,D/UTIL,2600,WHU vs BOU 12:30PM ET,BOU,0
D,Marvin Zeegelaar (14054922),Marvin Zeegelaar,14054922,D/UTIL,2500,WAT vs WOL 10:00AM ET,WAT,0
D,Lewis Richards (14054928),Lewis Richards,14054928,D/UTIL,2500,WAT vs WOL 10:00AM ET,WOL,0
D,Ryan Bennett (14054930),Ryan Bennett,14054930,D/UTIL,2500,WAT vs WOL 10:00AM ET,WOL,1.72
D,Goncalo Cardoso (14054920),Goncalo Cardoso,14054920,D/UTIL,2500,WHU vs BOU 12:30PM ET,WHU,0
D,Lloyd Kelly (14054924),Lloyd Kelly,14054924,D/UTIL,2500,WHU vs BOU 12:30PM ET,BOU,0
D,Brennan Camp (14054926),Brennan Camp,14054926,D/UTIL,2500,WHU vs BOU 12:30PM ET,BOU,0
