PLAYER,POS,TEAM,TOTAL MINS,AVG MINS,TOTAL FPTS,AVG FPTS,MIN FPTS,MAX FPTS,1,2,3,4,5,6,7,8,9,10,11,12,13,14,15,16,17,18,19,20,21,22,23,24,25,26,27,28,29,30,31,32,33,34,35,36,37,38
Kevin De Bruyne,M,MCI,1562,82,448.7,23.6,10.3,41.4,17.7,40.4,16.1,30.3,12.9,41.4,15.4,-,13.4,21.5,22.6,14.7,28.7,36.8,14.2,22,34.8,25.4,10.3,30.3,-,-,-,-,-,-,-,-,-,-,-,-,-,-,-,-,-,-
Trent Alexander-Arnold,D,LIV,1663,87,357.6,18.8,8.5,45.8,19.6,9.9,26.2,13.4,23.6,17.3,14.6,16.6,12.3,25.9,30.5,8.5,17.2,22.1,15.3,11.3,12.2,45.8,15.3,-,-,-,-,-,-,-,-,-,-,-,-,-,-,-,-,-,-,-
James Maddison,F/M,LEI,1606,84,351.3,18.5,2.9,29.9,18.6,17.4,21.5,12.2,14.3,25,-,19.2,17.2,20.3,24.3,27.6,17.9,12.9,28.7,29.9,24.6,7.5,2.9,9.4,-,-,-,-,-,-,-,-,-,-,-,-,-,-,-,-,-,-
Jack Grealish,M,AVL,1614,89,327.3,18.2,3.9,34.3,11.1,23,7.2,4.3,10.6,18.8,14.9,26.2,34.3,3.9,-,-,30.8,28.3,16.4,23.6,7.9,30.1,24,12,-,-,-,-,-,-,-,-,-,-,-,-,-,-,-,-,-,-
Marcus Rashford,F,MUN,1732,86,318.5,15.9,2,32.9,29.5,15.4,11.8,13.5,16.7,2,11.9,2.9,16.2,30.7,6.3,25.1,24.6,5.4,32.9,15.8,13.7,9.4,17.1,17.5,-,-,-,-,-,-,-,-,-,-,-,-,-,-,-,-,-,-
Jamie Vardy,F,LEI,1710,90,299.5,15.8,0.8,41.7,2.5,0.8,13.1,34.8,1.7,6.1,26.2,1.7,14.7,41.7,14.3,23.7,27.9,16.9,13.9,30.8,8.4,17.3,2.9,-,-,-,-,-,-,-,-,-,-,-,-,-,-,-,-,-,-,-
Raheem Sterling,F/M,MCI,1671,83,289.9,14.5,0,38,38,22.5,15.7,2,18.1,0,21.5,9.8,17,20.8,7.5,7,3.7,22.9,7.6,12.4,19,7.1,29.8,7.3,-,-,-,-,-,-,-,-,-,-,-,-,-,-,-,-,-,-
Sadio Mane,F/M,LIV,1508,79,287.2,15.1,0,30.6,0.2,30.5,14.7,17,30.6,4.4,7.9,20.6,1.9,10.1,30.1,17.4,19.8,9.2,29.2,0,14.9,13.7,15.1,-,-,-,-,-,-,-,-,-,-,-,-,-,-,-,-,-,-,-
Pierre-Emerick Aubameyang,F,ARS,1788,89,282.6,14.1,3.2,30.7,18.5,17.6,8.7,21.4,25.9,17.3,17.8,7.2,3.3,3.2,20.2,5.1,6.2,30.7,6.2,24.6,5.2,5.1,19.2,19,-,-,-,-,-,-,-,-,-,-,-,-,-,-,-,-,-,-
Willian,F/M,CHE,1362,71,276.5,14.6,1,35,-,4.6,1,1.7,8.6,7.8,26.9,19.2,17.3,26.1,12.4,24.9,8.2,7.3,21.2,6.8,16.9,35,7.4,23.3,-,-,-,-,-,-,-,-,-,-,-,-,-,-,-,-,-,-
Raul Jimenez,F,WLV,1669,83,271.4,13.6,2.7,27.9,5.3,3.6,18.7,15.3,5.8,7.3,2.7,19.5,9.4,8.7,26.4,20.5,23.4,19,9.6,10.8,14.6,19.8,27.9,3.1,-,-,-,-,-,-,-,-,-,-,-,-,-,-,-,-,-,-
James Ward-Prowse,M,SOU,1800,90,271.2,13.6,4.3,26.8,8.9,9,8.2,4.3,11,26.8,9.2,6.5,11.2,11,17.4,11.5,25.8,20.7,17,17.1,9.5,20.6,7.4,18.1,-,-,-,-,-,-,-,-,-,-,-,-,-,-,-,-,-,-
Richarlison,F,EVE,1728,86,259.4,13,3.6,38.6,11.9,7.3,7.5,38.6,14.1,11.9,11.7,10.2,14.9,4.8,9.9,19,7.7,18.5,15.4,17.2,3.6,8.9,6.6,19.9,-,-,-,-,-,-,-,-,-,-,-,-,-,-,-,-,-,-
Mohamed Salah,F/M,LIV,1353,75,258.7,14.4,0,31.6,27.8,6.6,29.6,15.9,21.1,7.5,9.8,15.6,-,23.9,6.2,16.6,0,3.2,0,29.9,31.6,6.6,7.1,-,-,-,-,-,-,-,-,-,-,-,-,-,-,-,-,-,-,-
Tammy Abraham,F,CHE,1492,78,258.7,13.6,0.2,35.2,0.2,3.1,26.2,32.3,35.2,5.7,12.9,16.8,9.6,8.2,25.2,16.9,4.3,-,27.3,3.3,6.8,4.6,2.5,17.7,-,-,-,-,-,-,-,-,-,-,-,-,-,-,-,-,-,-
Emiliano Buendia,M,NOR,1504,75,257.2,12.9,0,23,13.7,14.2,17.6,4.5,23,7.7,13.8,19.3,11.7,7.2,9.2,9.7,0,7,2.2,22.8,17.1,21.4,15,20.1,-,-,-,-,-,-,-,-,-,-,-,-,-,-,-,-,-,-
Adama Traore,F/M,WLV,1492,74,254.8,12.7,0,31.8,0,6.6,3.7,4.5,4.6,22.1,7.6,30.7,10,11.2,7.5,16,17.4,10.6,11.8,11.4,28.8,13.3,31.8,5.3,-,-,-,-,-,-,-,-,-,-,-,-,-,-,-,-,-,-
Lucas Digne,D,EVE,1620,81,254.7,12.7,0,24.3,10.2,18.5,14.1,15.8,13,15.9,8.3,11.4,20.8,12.5,24.3,17.9,14.5,14.4,10.4,4.6,4.4,10.8,12.8,0,-,-,-,-,-,-,-,-,-,-,-,-,-,-,-,-,-,-
Harry Kane,F,TOT,1705,89,253.9,13.4,2.8,37.9,33.2,3.2,2.8,17.1,9.9,22.9,18,4.9,3.2,14.7,-,3.2,16.5,7.3,3.9,37.9,5.1,8.3,23.1,18.6,-,-,-,-,-,-,-,-,-,-,-,-,-,-,-,-,-,-
Joao Moutinho,M,WLV,1710,85,250.6,12.5,2.9,22.8,7.1,17,5.8,2.9,17.5,8.9,3.7,5.2,8.3,9.7,22.4,16.9,22.8,14.7,18.4,7.2,19.3,16.2,15.9,10.6,-,-,-,-,-,-,-,-,-,-,-,-,-,-,-,-,-,-
Mason Mount,M,CHE,1641,82,247.3,12.4,3.6,27.5,14,27.5,25.3,7.1,22.8,4.9,6.8,19.2,9.2,13.7,9.3,10.3,3.6,13.7,16.8,8.3,7.2,6.7,10.1,10.7,-,-,-,-,-,-,-,-,-,-,-,-,-,-,-,-,-,-
Daniel James,F,MUN,1578,78,235.4,11.8,0,25.6,15.5,10.7,20.5,25.6,5.1,6.6,8.5,6.9,13.3,10.8,10.9,10.3,15,9.5,8.9,14.3,23.9,3.2,0,16.2,-,-,-,-,-,-,-,-,-,-,-,-,-,-,-,-,-,-
Danny Ings,F,SOU,1371,68,233.9,11.7,0.8,30.7,1.2,15.3,10.5,9.5,0.8,5,17.7,16.6,21.6,3.1,1.6,12.8,14.7,17.7,19.9,13.2,2.7,30.7,1,18.2,-,-,-,-,-,-,-,-,-,-,-,-,-,-,-,-,-,-
John McGinn,M,AVL,1538,85,227.9,12.7,0.1,26.3,19.6,18,13.7,11.9,9.7,26.3,23.9,8.2,19.1,10.1,14.2,12.7,5.7,6.9,10.8,6.2,10.8,0.1,-,-,-,-,-,-,-,-,-,-,-,-,-,-,-,-,-,-,-,-
Riyad Mahrez,F/M,MCI,905,45,224.9,11.2,0,33.3,25.1,0.8,2.1,15.2,3.9,32.1,29.2,5.9,0,0,0,0,21.6,5.4,14.9,14.5,3.3,33.3,1.2,16.3,-,-,-,-,-,-,-,-,-,-,-,-,-,-,-,-,-,-
Gerard Deulofeu,M,WAT,1469,73,223.4,11.2,1.5,29.9,1.5,8,13.5,1.5,29.9,8.1,4.2,5,6.5,8.7,22.9,24.8,21.5,1.7,4.1,17.6,9.2,9,16.6,9.2,-,-,-,-,-,-,-,-,-,-,-,-,-,-,-,-,-,-
Teemu Pukki,F,NOR,1786,89,218.2,10.9,-0.3,46.6,18.7,46.6,20.6,5.6,21.8,5.2,5.8,2.7,3.3,2.3,2.9,10.8,9.2,17.1,15.8,4.4,15.3,9.7,-0.3,0.7,-,-,-,-,-,-,-,-,-,-,-,-,-,-,-,-,-,-
Son Heung-Min,F/M,TOT,1299,81,216.7,13.6,-0.8,30.5,-,-,13.6,9.1,30.5,13.3,12.5,4,1.4,8,4.7,26.9,28.5,24.9,4.5,29.7,5.8,-0.8,-,-,-,-,-,-,-,-,-,-,-,-,-,-,-,-,-,-,-,-
Dwight McNeil,F/M,BUR,1725,86,216.1,10.8,2.9,22.4,6.8,12.7,17.1,10.4,7.5,14.9,9.8,8,13.9,19.6,3.3,22.4,5.8,17.8,7.5,12.6,12.5,2.9,6.3,4.2,-,-,-,-,-,-,-,-,-,-,-,-,-,-,-,-,-,-
Andrew Robertson,D,LIV,1637,86,213,11.2,3.2,19.3,11.1,9.6,14.3,8.6,19.3,12.9,10,12,18.6,11.6,18.5,9.5,14.1,6,4.2,4.9,3.2,17,7.6,-,-,-,-,-,-,-,-,-,-,-,-,-,-,-,-,-,-,-
Roberto Firmino,F,LIV,1539,81,209.9,11.1,3,28.1,14.5,14.4,8.7,25.9,14.4,15.4,3,5.5,8.6,8.4,7.2,5.3,17.5,4.4,7.1,8.3,7.7,28.1,5.4,-,-,-,-,-,-,-,-,-,-,-,-,-,-,-,-,-,-,-
Bernardo Silva,M,MCI,1180,62,205.3,10.8,0,44.7,0,9.2,8.6,11.6,18.4,44.7,1.8,4.6,17.6,10.6,10.5,21.8,-,1.1,24.4,6.9,2.9,5,3,2.7,-,-,-,-,-,-,-,-,-,-,-,-,-,-,-,-,-,-
Pascal Gross,M,BHA,1244,62,199,10,0,21.6,6.6,10.6,2,2.7,13.3,9.6,10,13.1,21.2,13.8,8.9,10.7,0,8.5,12,11.3,21.6,3,20,0,-,-,-,-,-,-,-,-,-,-,-,-,-,-,-,-,-,-
Ricardo Pereira,M/D,LEI,1710,90,198,10.4,2.1,23.5,16,10.6,4.5,5.4,3.3,23.5,20.8,4.5,13.3,13.3,9.2,7.4,9.7,14.7,10.7,10.1,10.4,2.1,8.5,-,-,-,-,-,-,-,-,-,-,-,-,-,-,-,-,-,-,-
Sergio Aguero,F,MCI,908,56,194.6,12.2,0,36.9,12.1,14.7,30.4,36.9,20.4,28.1,2.2,4.4,0,0.1,21,5.2,4.9,-,-,-,-,0,0,14.3,-,-,-,-,-,-,-,-,-,-,-,-,-,-,-,-,-,-
Ryan Fraser,M,BOU,1374,72,194.3,10.2,0.7,20.4,10.1,10.9,7.6,18.7,15,0.7,-,5.3,17,14.3,6.5,20.4,15.8,9.5,4.8,4.3,11.9,8.4,11.1,2,-,-,-,-,-,-,-,-,-,-,-,-,-,-,-,-,-,-
Youri Tielemans,M,LEI,1669,83,193.4,9.7,0,25.5,9.4,9.3,7.8,25.5,8.2,7.2,16.5,3.3,23.1,25.1,8.3,16.9,3.7,7.7,2.1,4.5,7.7,5.1,2.1,0,-,-,-,-,-,-,-,-,-,-,-,-,-,-,-,-,-,-
Luka Milivojevic,M,CRY,1696,89,191.9,10.1,1.5,22.9,1.5,8.1,3.8,21.5,9,10.5,21.3,-,5.2,22.9,6.7,4.6,17.3,7.1,7.7,6.7,6.8,7.4,10,14,-,-,-,-,-,-,-,-,-,-,-,-,-,-,-,-,-,-
Gylfi Sigurdsson,M,EVE,1419,74,191.7,10.1,2.2,21.4,8.5,6.9,3.5,21.4,5.6,16,14.8,6.7,14.1,3.9,2.2,12,13.9,3.9,10.4,5.6,-,6.4,20.7,15.1,-,-,-,-,-,-,-,-,-,-,-,-,-,-,-,-,-,-
Neal Maupay,F,BHA,1451,72,191.3,9.6,0.1,20,13.1,4.8,8.2,4.3,14.4,8.3,1.3,20,10.4,19,9.1,4.5,2.8,0.1,19.9,17.8,14.5,3.9,0.1,14.9,-,-,-,-,-,-,-,-,-,-,-,-,-,-,-,-,-,-
Anwar El Ghazi,M,AVL,1230,64,187.6,9.9,0,24.2,5.3,8.6,15,0,11.4,16,17.4,24.2,4.7,0.7,9,9.5,16.4,8.7,-,15.7,7.4,5.9,6.4,5.1,-,-,-,-,-,-,-,-,-,-,-,-,-,-,-,-,-,-
Wilfried Zaha,F/M,CRY,1735,86,187.5,9.4,2.1,20.6,2.1,6.9,4.2,8.2,12.9,10.8,18.2,6,7.6,8.5,9.5,3,20.6,20.3,9.5,4.5,18.8,5.7,7.4,2.8,-,-,-,-,-,-,-,-,-,-,-,-,-,-,-,-,-,-
John Fleck,M,SHU,1469,86,187.3,11,2.9,29.4,4,2.9,-,-,15.5,5.9,7.7,9.9,8.8,8.2,19.2,7.4,29.4,7.1,11.4,5.7,26.1,-,11.6,6.6,-,-,-,-,-,-,-,-,-,-,-,-,-,-,-,-,-,-
Diego Rico,M/D,BOU,1389,73,184.9,9.7,0,18,9.2,0,0,0,14.4,16.3,10.7,13.9,15.9,18,12.8,5.5,9.2,12,10.7,4.1,13.6,9.3,-,9.3,-,-,-,-,-,-,-,-,-,-,-,-,-,-,-,-,-,-
George Baldock,D,SHU,1800,90,180.4,9,2.2,22.8,2.2,7.1,20.2,3.3,8.8,3.7,3.3,8.1,10.2,3.7,12.4,17.8,7.2,12.1,10.9,22.8,8.5,8.6,6.9,2.5,-,-,-,-,-,-,-,-,-,-,-,-,-,-,-,-,-,-
Todd Cantwell,M,NOR,1377,68,177.8,8.9,0.2,19.8,8.1,19.8,15.1,6.5,12.8,9.5,4.4,14.1,2.5,3.7,0.2,6.6,17.5,16.9,5.5,4.2,6.9,14.2,7.1,2.1,-,-,-,-,-,-,-,-,-,-,-,-,-,-,-,-,-,-
Oliver Norwood,M,SHU,1674,83,174,8.7,0.7,24.4,9.5,14.3,9.9,8.9,15.7,1.9,7,9.3,11.6,1.9,6.7,9.5,7.4,8.7,9.5,0.7,5.8,3.6,24.4,7.8,-,-,-,-,-,-,-,-,-,-,-,-,-,-,-,-,-,-
Anthony Martial,F,MUN,1108,79,173,12.4,0,27.5,16.8,13.5,13.9,-,-,-,-,-,0,19.4,2.8,21.3,3.4,7.3,-,16.3,5.1,7.7,27.5,17.9,-,-,-,-,-,-,-,-,-,-,-,-,-,-,-,-,-,-
Christian Pulisic,M,CHE,1010,53,170.4,9,0,45.1,4.6,4.3,14.3,5.1,0,0,0,6.6,3.3,45.1,19.9,23.8,3.9,9.3,9.6,9.9,6.7,0,3.9,-,-,-,-,-,-,-,-,-,-,-,-,-,-,-,-,-,-,-
Jordan Ayew,F/M,CRY,1581,79,169.3,8.5,0,26,9.7,0,12.2,16.8,7.8,1.2,4,15.3,2.7,19.8,3.2,2.5,2.2,5.9,11,5.5,6.2,10.5,26,6.7,-,-,-,-,-,-,-,-,-,-,-,-,-,-,-,-,-,-
Enda Stevens,D,SHU,1800,90,167.6,8.4,1.3,15.4,1.3,8.8,6.5,11.3,6.4,9.6,8.5,14,8.3,9.2,7.8,7.4,5.6,8,10.9,15.4,11.4,7,7.1,3.2,-,-,-,-,-,-,-,-,-,-,-,-,-,-,-,-,-,-
David Silva,M,MCI,1017,63,167.4,10.5,0,21.6,5.2,0.1,21.6,20,3.9,20.3,0,6,17.7,17.4,9.2,0,4.3,12.7,15.4,13.8,-,-,-,-,-,-,-,-,-,-,-,-,-,-,-,-,-,-,-,-,-,-
Dele Alli,M,TOT,1074,67,167.3,10.5,0,32.5,-,-,-,1.2,0,-,0,0,18.7,4.1,13.6,9.6,13.5,32.5,18.8,19,8,2.2,17.4,8.8,-,-,-,-,-,-,-,-,-,-,-,-,-,-,-,-,-,-
Robert Snodgrass,M,WHU,920,51,166.8,9.3,0,31.9,3.9,12.9,-,2.7,0,0.7,0,0,0,29,31.9,12.2,17.5,8,7.8,8.6,4.2,23,4.6,-,-,-,-,-,-,-,-,-,-,-,-,-,-,-,-,-,-,-
Ben Chilwell,D,LEI,1430,84,166.6,9.8,0,42.9,9,-,-,11.7,6.3,7.6,10.8,6.5,5.8,42.9,6.5,9.3,16.2,11.9,-,5,9.7,4,3.3,0,-,-,-,-,-,-,-,-,-,-,-,-,-,-,-,-,-,-
Gabriel Jesus,F,MCI,910,53,165.1,9.7,-1.4,26.3,14.7,3.6,-,-,11.7,0,16.9,1.6,26.3,8.4,4.7,-1.4,-0.4,10.4,26,7,14,19.5,-,2.1,-,-,-,-,-,-,-,-,-,-,-,-,-,-,-,-,-,-
Nicolas Pepe,F,ARS,1022,51,161.5,8.1,0,25.1,1.1,7.8,9.7,22.7,5.9,25.1,7.8,10.8,14.2,18.8,0,1.1,0.8,0,7.2,14.1,11.6,0,1.6,1,-,-,-,-,-,-,-,-,-,-,-,-,-,-,-,-,-,-
Dominic Calvert-Lewin,F,EVE,1133,56,159.8,8,-0.3,32.4,3.2,2.1,-0.3,1.1,14.3,0,17.8,0.1,0,12.8,0.5,2.3,3.8,1.9,4.6,30.3,7.5,5.3,20.2,32.4,-,-,-,-,-,-,-,-,-,-,-,-,-,-,-,-,-,-
Diogo Jota,F/M,WLV,1370,76,159.8,8.9,1.1,30.9,3.4,4.6,8.4,1.1,8.5,19.1,-,-,3.2,8.7,11.8,5.9,12.7,7.4,6,30.9,8.8,3,12.2,3.9,-,-,-,-,-,-,-,-,-,-,-,-,-,-,-,-,-,-
Harry Wilson,F/M,BOU,967,56,158.7,9.3,0,27.8,0,19.8,19.2,3.8,4.2,12.3,4.6,3.9,6.7,5.2,11.5,17.5,3.3,27.8,8.7,-,-,-,6.8,3.4,-,-,-,-,-,-,-,-,-,-,-,-,-,-,-,-,-,-
John Lundstram,M,SHU,1679,88,155.9,8.2,1.7,32.3,7.2,17.2,3.3,3.8,3.8,8.4,6.9,3,3.4,6.7,32.3,11.5,6.5,5.9,11,5.9,13.1,4.4,1.7,-,-,-,-,-,-,-,-,-,-,-,-,-,-,-,-,-,-,-
Sebastien Haller,F,WHU,1403,77,154.6,8.6,0.1,29.9,7.1,-,29.9,19,7.8,3.9,14,12.8,6.9,5,9.1,4.8,7.6,0.1,1.2,0.1,19.4,0.8,5.2,-,-,-,-,-,-,-,-,-,-,-,-,-,-,-,-,-,-,-
Jonjo Shelvey,M,NEW,1032,57,154.2,8.6,0,20.4,4.7,18.3,0,0,4.7,11.4,-,0,0,0,16.7,11.4,9.7,20.4,18.7,20,-,8.1,0,10,-,-,-,-,-,-,-,-,-,-,-,-,-,-,-,-,-,-
Serge Aurier,M/D,TOT,1269,74,152.5,9,-0.2,19.6,0,-,-,0,19.6,10.6,-0.2,-,15.2,3.7,9,11.2,12.7,11.2,17.4,3.8,3.4,9.6,12.4,12.8,-,-,-,-,-,-,-,-,-,-,-,-,-,-,-,-,-,-
Felipe Anderson,M,WHU,1189,69,152.3,9,0.8,18.4,0.8,-,17.7,13.4,14.1,16.8,18.4,13.1,4.3,6.4,11.2,3.2,2,2.6,9.3,1.6,-,0.9,16.5,-,-,-,-,-,-,-,-,-,-,-,-,-,-,-,-,-,-,-
Scott McTominay,M,MUN,1453,85,151.9,8.9,2,21.1,5.3,8.4,8.5,14.7,4.6,6.1,21.1,4,3,19.9,11.5,9.7,-,-,3.8,7.4,12.7,9.3,2,-,-,-,-,-,-,-,-,-,-,-,-,-,-,-,-,-,-,-
Ayoze Perez,F/M,LEI,1037,51,149.6,7.5,0,44.1,6.5,5,5.7,0,3.7,5.5,7.1,7.2,2.8,44.1,3.7,3.7,19.9,7.1,4.4,0,0,5.1,0.1,17.9,-,-,-,-,-,-,-,-,-,-,-,-,-,-,-,-,-,-
Andreas Pereira,M,MUN,1148,57,145.5,7.3,-0.4,25.5,12.5,-0.4,0,5.3,8,8.8,6.4,7.6,8.6,13.6,9.5,25.5,3.4,7.6,0.6,1.8,0,0,13.6,13.3,-,-,-,-,-,-,-,-,-,-,-,-,-,-,-,-,-,-
Cesar Azpilicueta,D,CHE,1610,80,145.3,7.3,0,17.7,6.8,8,14,9.4,5.3,17.7,5.3,1.8,6.7,5.8,5.2,0,7.8,0,7.1,9.1,14.2,4.6,8.1,8.4,-,-,-,-,-,-,-,-,-,-,-,-,-,-,-,-,-,-
Kenny McLean,M,NOR,1479,73,145,7.3,0,17.9,2.6,0,1.2,5.2,15.7,4.7,5.6,6,7.9,5.7,3.9,13,17.4,17.9,6.2,6.6,5.5,5.1,12.4,2.1,-,-,-,-,-,-,-,-,-,-,-,-,-,-,-,-,-,-
Ashley Barnes,F,BUR,1316,73,144.5,8,0.1,27.7,27.7,19.2,17.7,4.7,5.4,7,1.9,4.1,-,9.1,0.6,15.3,16.6,0.1,1.6,-,7.2,3.6,0.5,2.1,-,-,-,-,-,-,-,-,-,-,-,-,-,-,-,-,-,-
Chris Wood,F,BUR,1474,81,142.8,7.9,-1.2,29.9,3,1.2,5.3,3.7,1.1,29.9,15.9,4.2,19.8,-,-,19.4,13.6,7.2,2.1,2.2,13.7,-1.2,1.6,0.2,-,-,-,-,-,-,-,-,-,-,-,-,-,-,-,-,-,-
Mateo Kovacic,M,CHE,1314,69,140.6,7.4,0.6,22.3,9.3,0.6,15.9,5.9,2,3.4,4.2,2.2,5.7,6.4,9.2,8.9,15.8,7.8,5.7,22.3,1.2,9.1,-,4.9,-,-,-,-,-,-,-,-,-,-,-,-,-,-,-,-,-,-
Aaron Wan-Bissaka,M/D,MUN,1521,84,138,7.7,0,15.7,12.9,8.2,2.1,15.7,7.2,9.5,-,-,5.5,8.6,4.9,7.3,3.1,10.2,7.2,8.5,9.6,3,14.6,0,-,-,-,-,-,-,-,-,-,-,-,-,-,-,-,-,-,-
Miguel Almiron,F/M,NEW,1588,83,137.7,7.3,2.4,18.1,4.8,2.4,5.9,6.9,3.4,9.6,4,2.7,4.4,11.2,11.9,4.5,3.8,12.1,7.3,8,-,18.1,8.8,7.9,-,-,-,-,-,-,-,-,-,-,-,-,-,-,-,-,-,-
Trezeguet,M,AVL,992,52,136.1,7.2,0,20,9.5,7.2,0.9,1.6,-,10.5,10.6,0.5,4.7,11.8,16.7,20,0,8,16.3,1.6,0,8.4,7.5,0,-,-,-,-,-,-,-,-,-,-,-,-,-,-,-,-,-,-
Pierre-Emile Hojbjerg,M,SOU,1637,86,135.9,7.2,-0.9,13,0.2,6,-0.9,10.4,8.9,8.4,4,5.1,5.3,4,1.5,-,11.2,11.3,13,5.1,9.4,11.5,10.7,10.7,-,-,-,-,-,-,-,-,-,-,-,-,-,-,-,-,-,-
Christian Eriksen,M,TOT,886,46,134.1,7.1,-0.5,25.1,13.5,3.6,5.5,24.4,5,3.9,17,7.7,-,2.9,3.6,0,-0.5,0,4.4,0,8.4,8.2,1.3,25.1,-,-,-,-,-,-,-,-,-,-,-,-,-,-,-,-,-,-
Patrick van Aanholt,D,CRY,1444,84,131.9,7.8,2.5,18.2,5.5,4.8,12.8,8.9,4.1,3.2,9.8,18.2,6.4,9.5,10.4,4.3,6.7,4.7,2.5,-,-,12.6,7.6,-,-,-,-,-,-,-,-,-,-,-,-,-,-,-,-,-,-,-
Alexandre Lacazette,F,ARS,857,53,131.4,8.2,0,27.6,0,15.2,1,20.3,-,-,-,-,2.1,10.4,15.6,9.6,27.6,4.7,16.2,0,0,1,4.4,3.3,-,-,-,-,-,-,-,-,-,-,-,-,-,-,-,-,-,-
Harvey Barnes,M,LEI,1083,54,131.2,6.6,-0.9,24.2,2.3,0,12.9,3.5,1.2,7.6,13.1,-0.9,24.2,15.8,2.2,4.5,12.6,3.5,7.6,3.7,4.3,9.1,1.9,2.1,-,-,-,-,-,-,-,-,-,-,-,-,-,-,-,-,-,-
Jetro Willems,D,NEW,1351,75,131.1,7.3,0,18.7,4,0,0,9,14.5,3.4,-,18.7,3.4,11,16.1,11.7,3.3,13.6,5.7,2.7,0.4,-,0.9,12.8,-,-,-,-,-,-,-,-,-,-,-,-,-,-,-,-,-,-
Lucas Moura,F/M,TOT,924,46,131,6.6,0,23.9,14.3,11.6,5.5,0,1,0.1,0,6.2,5.3,1,6.7,4.1,19.7,1.1,3.9,17.3,23.9,1.7,7.2,0.4,-,-,-,-,-,-,-,-,-,-,-,-,-,-,-,-,-,-
Ashley Westwood,M,BUR,1530,90,130.9,7.7,-1.2,16.2,2.1,6.7,6.8,6.1,8.8,16.2,-1.2,11,13.1,7.6,6.6,3.9,5.7,-,-,-,11.7,11.4,4.4,10,-,-,-,-,-,-,-,-,-,-,-,-,-,-,-,-,-,-
Jonny,M/D,WLV,1613,80,130,6.5,0,14.7,5.5,5,8.8,0,5.9,13.3,5.8,1,5.7,14.7,8.6,1.8,4.8,6,9.7,9,6.2,3.5,8.9,5.6,-,-,-,-,-,-,-,-,-,-,-,-,-,-,-,-,-,-
Wilfred Ndidi,M,LEI,1640,86,129.2,6.8,0.2,20.6,7.2,17.6,-,6.2,6.7,5.3,20.6,0.9,4.6,5.3,7.8,8,1.7,9.6,3.4,6.1,9.4,2.2,6.4,0.2,-,-,-,-,-,-,-,-,-,-,-,-,-,-,-,-,-,-
Ruben Neves,M,WLV,1559,77,128.8,6.4,0.6,17.6,4.7,11.2,11.2,7.2,3.9,1.5,0.6,1.3,2.4,5.2,9.6,17.6,9.5,7.5,1.4,4.8,4.9,6.2,15.4,2.7,-,-,-,-,-,-,-,-,-,-,-,-,-,-,-,-,-,-
Conor Hourihane,M,AVL,762,40,128.5,6.8,0,31.8,5.1,0,0,4.4,0,2.9,10.9,22,11.6,0,0.6,0,31.8,7.1,3.2,0,-,3.2,16,9.8,-,-,-,-,-,-,-,-,-,-,-,-,-,-,-,-,-,-
Aaron Cresswell,D,WHU,1125,86,127,9.8,3.2,21.1,3.2,-,-,-,-,20.4,21.1,6.3,-,6.7,6.9,9.1,8,17.9,6,5.9,7,8.5,-,-,-,-,-,-,-,-,-,-,-,-,-,-,-,-,-,-,-,-
Nathan Redmond,M,SOU,1522,84,124.9,6.9,-0.1,20.4,4.5,5.3,20.4,-,-,8.3,8.9,7.1,2.8,8.8,5,0.3,10.3,2,6,12.7,-0.1,3.3,16,3.4,-,-,-,-,-,-,-,-,-,-,-,-,-,-,-,-,-,-
Lewis Dunk,D,BHA,1620,90,123.4,6.9,1.1,18,13.6,5,3.2,1.7,3.8,7.6,1.8,9.3,2.9,6.4,9.3,15.3,-,18,4.4,1.1,6.3,8,-,5.7,-,-,-,-,-,-,-,-,-,-,-,-,-,-,-,-,-,-
Frederic Guilbert,D,AVL,1270,74,123,7.2,0,15.6,-,-,8.3,8.8,7,6.1,14.3,3.5,15.4,8.3,2.3,9.3,15.6,6.7,-,0,6.2,10,0,1.4,-,-,-,-,-,-,-,-,-,-,-,-,-,-,-,-,-,-
Jordan Henderson,M,LIV,1263,66,122.5,6.5,0,21.7,9.7,0,6.5,7,0,2,4.7,1.1,3.6,21.7,10.6,11.8,7.5,1.8,1.8,15.7,5.1,6.8,5.1,-,-,-,-,-,-,-,-,-,-,-,-,-,-,-,-,-,-,-
Jorginho,M,CHE,1338,70,121.9,6.4,0,24.2,3.5,0.7,9.6,6.6,13.4,5.2,24.2,3.2,6.6,2.4,11,-,0,2.5,1,0,9.6,2.6,4.7,15,-,-,-,-,-,-,-,-,-,-,-,-,-,-,-,-,-,-
Matt Doherty,M/D,WLV,1340,70,120.8,6.4,0,21,3.3,1,4.2,-,3.4,3.6,21,0.1,1.8,8.1,6.4,7.6,2.5,18.7,6.6,4.7,6,4.5,17.3,0,-,-,-,-,-,-,-,-,-,-,-,-,-,-,-,-,-,-
Callum Wilson,F,BOU,1539,81,120.2,6.3,-0.4,23.7,2.8,7.7,6.3,13.5,23.7,14.7,21.4,7.2,4.6,-0.2,5.1,1.6,2.2,2.7,0.8,-0.4,-,2.4,3.2,1,-,-,-,-,-,-,-,-,-,-,-,-,-,-,-,-,-,-
Fred,M,MUN,1228,76,120.1,7.5,1.6,16.6,-,-,-,-,1.6,2.9,2.2,1.7,6.4,10.8,11.3,6.1,6.5,12.7,8.6,4.6,16.6,13.8,11.5,2.8,-,-,-,-,-,-,-,-,-,-,-,-,-,-,-,-,-,-
Aaron Mooy,M,BHA,989,52,118.4,6.2,-0.7,29,0,1.5,0,0,0.8,6,3.8,11.3,-0.7,-,0,0,9.9,8.4,18.1,4.2,5.9,14.2,5.9,29,-,-,-,-,-,-,-,-,-,-,-,-,-,-,-,-,-,-
Virgil van Dijk,D,LIV,1710,90,118.4,6.2,1,29.6,16.5,2.5,1,6,7.9,1.7,5.7,6.4,2.6,5,1.3,2.8,5.3,29.6,3.1,6.2,5,4,5.7,-,-,-,-,-,-,-,-,-,-,-,-,-,-,-,-,-,-,-
Davy Propper,M,BHA,1530,85,118,6.6,0,13,11.7,6.4,7.3,5.1,8.5,6.6,-,-,6,3.9,10.9,3.7,2.8,10.2,3.4,13,6.9,6.9,0,4.9,-,-,-,-,-,-,-,-,-,-,-,-,-,-,-,-,-,-
James McArthur,M,CRY,1648,86,117.4,6.2,1.8,16,4.9,3.6,3.2,10.2,-,1.8,8.3,4.4,5.3,16,4.6,4.3,3.1,5.6,11.6,7.9,4.1,7.8,6.7,4,-,-,-,-,-,-,-,-,-,-,-,-,-,-,-,-,-,-
Djibril Sidibe,D,EVE,941,58,116.2,7.3,0,19.6,-,-,0,0,0,-,0,0,11.2,4.5,5.2,14.7,3.5,14.6,2.8,16.8,-,11,19.6,12.3,-,-,-,-,-,-,-,-,-,-,-,-,-,-,-,-,-,-
Leandro Trossard,F/M,BHA,785,49,116.2,7.3,0,24.3,0,17.6,12.2,6.1,-,-,-,-,0,2.5,24.3,5.9,4.3,2.2,1.3,11.4,8.6,0.9,1.1,17.9,-,-,-,-,-,-,-,-,-,-,-,-,-,-,-,-,-,-
Lys Mousset,F,SHU,794,46,115.5,6.8,-0.4,25.4,-,-,-,1.5,2,11,-0.4,2.6,12.6,12.1,25.4,6.6,12.1,16.9,1.1,1.2,1.2,0.5,2.8,6.2,-,-,-,-,-,-,-,-,-,-,-,-,-,-,-,-,-,-
Pablo Fornals,M,WHU,1017,53,115.3,6.1,0,19,4.9,3.2,3.6,0.1,5.7,5.8,14.1,1.5,4.8,2.5,0,1,1.8,8.7,6.7,12.6,15.1,4.1,19,-,-,-,-,-,-,-,-,-,-,-,-,-,-,-,-,-,-,-
Joshua King,F/M,BOU,1310,81,113.6,7.1,0.7,18.8,3.3,14.8,6.4,2.3,18.8,0.7,18.4,1.8,3.1,8.5,14.7,7.1,-,-,-,-,5.2,3,3.2,2.3,-,-,-,-,-,-,-,-,-,-,-,-,-,-,-,-,-,-
Wesley Moraes,F,AVL,1719,85,113.4,5.7,-1.8,40.8,2.7,4.7,16.5,5.3,6,13.2,0.1,40.8,0.1,0.8,-1.8,6,1.9,1.7,0.8,2.2,0.7,5.5,2.5,3.8,-,-,-,-,-,-,-,-,-,-,-,-,-,-,-,-,-,-
James Tarkowski,D,BUR,1800,90,113.1,5.7,0.4,16.8,11.5,2.3,4,5.4,1.6,7.3,2.9,8.9,2.4,4.8,0.4,11.6,16.8,7.7,4.5,4.6,7.1,5.3,1.7,2.4,-,-,-,-,-,-,-,-,-,-,-,-,-,-,-,-,-,-
Dan Burn,D,BHA,1800,90,112.4,5.6,1,8.9,6.4,8.1,4.6,4.6,6.1,5.7,5.6,8.9,4.5,5.8,6.7,1.2,8.9,5.9,6.3,1.8,6.8,4.6,1,8.6,-,-,-,-,-,-,-,-,-,-,-,-,-,-,-,-,-,-
Rodri,M,MCI,1345,74,111,6.2,0.6,21.4,0.8,7.1,2.2,6.8,21.4,8.7,2.1,9.1,3,-,-,3.2,10.4,1,17.1,7.5,1.5,0.6,1.7,6.9,-,-,-,-,-,-,-,-,-,-,-,-,-,-,-,-,-,-
Ismaila Sarr,F/M,WAT,772,51,110.6,7.4,-0.3,27.7,-,-,2.8,0,4.6,-0.3,3,1,0,-,-,-,2.5,20.1,8,13.7,5.9,18.8,2.8,27.7,-,-,-,-,-,-,-,-,-,-,-,-,-,-,-,-,-,-
Erik Pieters,D,BUR,1234,64,110.6,5.8,0,26,26,9.1,5.2,4.5,10.3,12,11.7,5.1,7,2.8,1.3,0,0,2.5,1.1,5.1,6.8,0,0,-,-,-,-,-,-,-,-,-,-,-,-,-,-,-,-,-,-,-
Matt Targett,D,AVL,1151,71,109.9,6.9,0,23.6,0,0,-,-,-,-,6.7,12.7,23.6,1.9,2.9,1.9,10.1,13.9,4.4,5.7,2.6,6.2,9.1,8.2,-,-,-,-,-,-,-,-,-,-,-,-,-,-,-,-,-,-
Ilkay Gundogan,M,MCI,1109,58,109.8,5.8,-0.5,16.9,0.6,8.3,6.7,1.4,5.6,0,5.9,7.7,10.7,16.9,11.2,9.5,-0.5,4.2,-,2.1,1.9,15.7,0.9,0.9,-,-,-,-,-,-,-,-,-,-,-,-,-,-,-,-,-,-
Kyle Walker,D,MCI,1448,76,109.4,5.8,0,25.2,11.4,7.4,0.9,3.6,5.4,3.4,1.7,4.2,-,0,25.2,9.5,0,6,6.6,7,5.2,3.5,2.6,5.5,-,-,-,-,-,-,-,-,-,-,-,-,-,-,-,-,-,-
David McGoldrick,F,SHU,1198,70,109.3,6.4,-2.2,15.5,5.8,7.3,4.9,-0.3,11.6,-,-,-,-2.2,8,8,15.5,8,5.8,2.7,8.4,15.5,5.4,3.6,1.2,-,-,-,-,-,-,-,-,-,-,-,-,-,-,-,-,-,-
Joelinton,F,NEW,1523,76,108.8,5.4,0.1,15.5,6.1,4.7,15.5,4.6,3.5,6.2,1.3,1.8,2.3,1.9,10.4,10.3,9.7,2.7,0.1,2.2,5.2,1.9,10.5,7.7,-,-,-,-,-,-,-,-,-,-,-,-,-,-,-,-,-,-
Chris Basham,D,SHU,1746,87,108.2,5.4,-0.8,10.2,3.2,7.1,2.7,4.5,4.9,10.2,4.2,7.1,7.8,7.9,4.7,-0.8,6.6,6.8,3.8,1,8.9,4.8,6.4,6.3,-,-,-,-,-,-,-,-,-,-,-,-,-,-,-,-,-,-
Abdoulaye Doucoure,M,WAT,1655,87,108.1,5.7,-0.9,17.5,4.8,5.5,12.1,1.1,12.1,-0.9,5,3.8,17.5,5.4,9.3,4.7,7.7,3.7,0.9,2.9,5.6,-0.4,-,7.3,-,-,-,-,-,-,-,-,-,-,-,-,-,-,-,-,-,-
Jack O'Connell,D,SHU,1800,90,107.7,5.4,0.4,12.8,4.7,8.1,5.4,4,3.4,5,1.3,8,12.8,4.9,7.5,3.1,4.7,0.4,8.2,5.3,5.9,4.3,7.3,3.4,-,-,-,-,-,-,-,-,-,-,-,-,-,-,-,-,-,-
Manuel Lanzini,M,WHU,833,64,107.7,8.3,2.1,16.8,5.5,16.8,14.5,15.4,8,-,3.3,3.6,10,2.1,12.7,4.3,-,-,-,-,-,6.5,5.1,-,-,-,-,-,-,-,-,-,-,-,-,-,-,-,-,-,-,-
Adam Webster,D,BHA,1296,68,107.4,5.7,0,22.2,0,0,0,3.9,4.4,8.7,2.8,5.9,18.3,3.4,1.6,-,0.5,3.9,22.2,3.3,4.5,4.9,19.3,0,-,-,-,-,-,-,-,-,-,-,-,-,-,-,-,-,-,-
Martin Montoya,D,BHA,1296,68,107.1,5.6,-1.2,19.9,10.5,6.7,4.7,4.5,-,7.7,7.7,5,6.6,1.2,19.9,-1.2,6.3,4.5,0.1,0,11.3,3.3,0,8.4,-,-,-,-,-,-,-,-,-,-,-,-,-,-,-,-,-,-
Caglar Soyuncu,D,LEI,1710,85,106.7,5.3,0,17.2,6.4,2.6,10.6,9.1,1.4,4.7,7.6,0.7,6.6,5.5,17.2,5.1,5,2,6.4,7.3,5,0.1,3.5,0,-,-,-,-,-,-,-,-,-,-,-,-,-,-,-,-,-,-
Jonny Evans,D,LEI,1772,88,106.5,5.3,0.6,19.1,9.1,3.4,1.9,3.1,3.9,3,12.6,1.3,4,6.1,8.1,6.9,0.6,5.1,7.8,19.1,1.4,3.7,1.6,3.7,-,-,-,-,-,-,-,-,-,-,-,-,-,-,-,-,-,-
Erik Lamela,M,TOT,623,56,106,9.6,0,24.2,17.2,24.2,5.1,3.8,16.3,8.2,4.8,10.1,14.1,-,-,-,-,-,-,-,-,-,0,2.2,-,-,-,-,-,-,-,-,-,-,-,-,-,-,-,-,-,-
Will Hughes,M,WAT,1162,61,105.1,5.5,0,16.9,6.2,5.9,15.2,16.9,6.2,2.1,-,0,1,4.8,2.8,6.5,2.9,3,5.8,0,5.5,7.3,5.5,7.3,-,-,-,-,-,-,-,-,-,-,-,-,-,-,-,-,-,-
Emerson Palmieri,D,CHE,918,65,104.8,7.5,0,17.7,15.1,11.1,17.7,7,-,0.1,-,-,-,-,7.2,6.2,3.4,16.8,0,0,9.9,-,9.9,0.2,-,-,-,-,-,-,-,-,-,-,-,-,-,-,-,-,-,-
Matteo Guendouzi,M,ARS,1405,70,104.5,5.2,0,15,3.7,8.1,3.7,15,1.8,6.9,8.7,4.8,3.8,5,9.1,4.4,9.4,8.9,0,1.4,6.7,0,0,3,-,-,-,-,-,-,-,-,-,-,-,-,-,-,-,-,-,-
Ryan Bertrand,D,SOU,1214,75,104.5,6.5,-3,14.4,5.6,2.3,-,-,0,4.8,14.4,7,6.1,-3,-,-,14.4,5,13.8,9.4,5.2,7.7,5.4,6.5,-,-,-,-,-,-,-,-,-,-,-,-,-,-,-,-,-,-
Mesut Ozil,M,ARS,820,68,103.6,8.6,0,20.2,-,-,-,0,3.5,0,-,-,-,-,9.7,6.1,18.2,20.2,17.2,7.3,5.5,-,8.3,7.6,-,-,-,-,-,-,-,-,-,-,-,-,-,-,-,-,-,-
Andriy Yarmolenko,F,WHU,828,55,101.8,6.8,-1.9,20.2,-,0.1,6.9,16,3.9,20,20.2,2.9,3.8,16,1.4,9.7,1.2,-1.9,1.2,-,0.6,-,-,-,-,-,-,-,-,-,-,-,-,-,-,-,-,-,-,-,-,-
Declan Rice,M/D,WHU,1710,90,101.7,5.4,1.8,11,4.8,2.8,3.6,7.6,11,4.7,8,2.2,1.8,7.1,2.2,3.9,4.6,5.3,7.9,8.4,7.7,5.8,2.5,-,-,-,-,-,-,-,-,-,-,-,-,-,-,-,-,-,-,-
N'Golo Kante,M,CHE,1034,79,101.6,7.8,-0.9,20.1,-0.9,5.6,-,-,-,15.1,-,13,-,-,-,7.3,20.1,4.5,9.4,6.6,4.2,4.8,5.4,6.5,-,-,-,-,-,-,-,-,-,-,-,-,-,-,-,-,-,-
Fabian Schar,D,NEW,1198,70,101,5.9,0,22.1,6.8,5.6,11.3,15.8,1.9,4.9,2,6.5,1.5,-,-,-,0,0,0,1.5,5.7,9.9,5.6,22.1,-,-,-,-,-,-,-,-,-,-,-,-,-,-,-,-,-,-
Lucas Torreira,M,ARS,989,49,100.3,5,0,16.4,0,3.6,16.4,12.4,3.1,4.8,3.4,1.8,0,0,4.2,2.7,5,3.2,5.7,9,10.3,6.4,2.9,5.4,-,-,-,-,-,-,-,-,-,-,-,-,-,-,-,-,-,-
Harry Maguire,D,MUN,1800,90,99.1,5,1.3,9.7,8,3.6,6.3,1.7,8.5,3.1,2.7,6.8,1.9,5.5,6.4,5.2,3.7,1.3,2.4,2.8,6.4,6.9,9.7,6.4,-,-,-,-,-,-,-,-,-,-,-,-,-,-,-,-,-,-
Ryan Fredericks,D,WHU,1448,80,98.8,5.5,0,11.9,5.7,6.4,1.4,5.4,8.7,3.6,9.6,11.9,3.1,0,1.4,5.1,6.2,8.2,6.8,5.1,8.4,-,1.8,-,-,-,-,-,-,-,-,-,-,-,-,-,-,-,-,-,-,-
Georginio Wijnaldum,M,LIV,1500,83,97.9,5.4,2.2,18,2.2,2.7,5.1,4.8,6.5,3,18,3,5.2,5.2,5.3,5.2,4.4,2.6,17.4,-,2.2,2.4,2.8,-,-,-,-,-,-,-,-,-,-,-,-,-,-,-,-,-,-,-
Max Aarons,D,NOR,1620,90,97.8,5.4,3,12.2,3.4,4.2,4,3.9,-,-,3.5,7.8,6.3,5.1,3,6.3,4.9,6.8,7.9,4.7,6.5,3.6,12.2,3.6,-,-,-,-,-,-,-,-,-,-,-,-,-,-,-,-,-,-
Alex Iwobi,F/M,EVE,1045,61,97.4,5.7,0,17.7,-,0,4,17.7,6.1,1.3,2.9,11.4,7.5,7.6,6.7,6.8,5.4,3,5.5,3.1,8.1,0.1,-,-,-,-,-,-,-,-,-,-,-,-,-,-,-,-,-,-,-,-
Douglas Luiz,M,AVL,1143,60,96.5,5.1,0,18.1,2.1,18.1,4.3,3.1,1.4,-,0,11.6,2.3,4.3,1.9,6.4,5.5,3.8,5.3,3.9,2.3,9.9,5,5.3,-,-,-,-,-,-,-,-,-,-,-,-,-,-,-,-,-,-
Tanguy Ndombele,M,TOT,776,55,95.3,6.8,0.9,23,17.8,13.8,-,-,0.9,7.4,23,1.3,2.2,2.2,1.2,4.9,-,8.7,3.2,-,-,1.3,-,7.4,-,-,-,-,-,-,-,-,-,-,-,-,-,-,-,-,-,-
Ashley Young,M/D,MUN,954,50,94.6,5,0,19.2,0,0,15,6.4,10.9,4.3,9.7,19.2,5,1.6,6,-,0,0,7.4,2,0,0,0,7.3,-,-,-,-,-,-,-,-,-,-,-,-,-,-,-,-,-,-
Nathan Ake,D,BOU,1385,86,93.3,5.8,0.6,14.5,8.7,1.9,8.4,5.7,5.6,14.5,10.6,3.3,6.3,5.9,5,6.8,4.3,3.2,2.3,0.6,-,-,-,-,-,-,-,-,-,-,-,-,-,-,-,-,-,-,-,-,-,-
Dani Ceballos,M,ARS,664,60,92.6,8.4,0.4,27.8,0.4,27.8,2.6,13.1,1.8,10.1,5.2,10.1,4.3,7.4,9.7,-,-,-,-,-,-,-,-,-,-,-,-,-,-,-,-,-,-,-,-,-,-,-,-,-,-,-
Cheikhou Kouyate,M/D,CRY,1420,71,92.5,4.6,0,15.5,0,0,4.3,11.6,3.9,5,4.5,1.1,4.7,3.6,5.2,3.1,8.6,7.6,5.9,1.9,2.2,3.9,15.5,0,-,-,-,-,-,-,-,-,-,-,-,-,-,-,-,-,-,-
Andros Townsend,M,CRY,782,52,89.8,6,0,15.8,10,9.6,2,2.6,8.4,0,15.8,0,2.8,9.6,-,3.6,15.2,6.2,2.8,1.2,-,-,-,-,-,-,-,-,-,-,-,-,-,-,-,-,-,-,-,-,-,-
Marcos Alonso,M/D,CHE,589,49,89.4,7.5,0,22,0,0,0,0,13.5,13.5,7.2,12.2,22,4.2,0,-,-,-,-,-,-,16.8,-,-,-,-,-,-,-,-,-,-,-,-,-,-,-,-,-,-,-,-
Philip Billing,M,BOU,1505,79,89.4,4.7,-0.5,12.9,10.9,0.8,2.6,4.3,6,12.9,5.7,2.4,3.8,3.1,4.2,11.1,-0.5,-,3.7,1.8,1.8,7.4,3.8,3.7,-,-,-,-,-,-,-,-,-,-,-,-,-,-,-,-,-,-
Calum Chambers,M/D,ARS,1103,58,88.4,4.7,0,15.1,4.1,0,0,0,0,15.1,3,13.8,9.8,4.8,6.3,2,0.3,5.1,0,3.9,2.7,8.4,-,9,-,-,-,-,-,-,-,-,-,-,-,-,-,-,-,-,-,-
Ben Mee,D,BUR,1800,90,87.9,4.4,-1.5,8,8,5.4,4.4,2.9,1.8,4.4,4.8,6.3,2.8,4.7,3.5,7.5,3.4,7,1.9,4.4,6.3,4.2,5.6,-1.5,-,-,-,-,-,-,-,-,-,-,-,-,-,-,-,-,-,-
Kiko Femenia,M/D,WAT,1286,67,87.2,4.6,-1.5,8.3,8,6.8,5.3,4.6,8.1,2.1,0,0,-1.5,-,3.6,0,5.8,6.1,7.4,8.3,6.7,8.3,2.5,5,-,-,-,-,-,-,-,-,-,-,-,-,-,-,-,-,-,-
Moussa Sissoko,M,TOT,1600,84,86.8,4.6,-2,17.1,16,1.3,8.3,3.6,2.9,0.2,1.6,2.8,2.8,-2,2.4,3.6,0,17.1,3.3,14.5,3.6,0.2,4.7,-,-,-,-,-,-,-,-,-,-,-,-,-,-,-,-,-,-,-
Dale Stephens,M,BHA,1600,84,86.3,4.5,-1.6,12.1,5.2,6.4,4,2,5.6,8.2,6.8,3.1,5.1,5.6,4.5,0.5,-1.6,2.9,4.8,12.1,-,3,6.3,1.9,-,-,-,-,-,-,-,-,-,-,-,-,-,-,-,-,-,-
Moussa Djenepo,F/M,SOU,586,48,86,7.2,0,20,0,1.1,14.3,-,20,-,-,-,-,-,0.6,5.9,4.1,14.3,2.2,6.9,11.7,-,-,5,-,-,-,-,-,-,-,-,-,-,-,-,-,-,-,-,-,-
Allan Saint-Maximin,M,NEW,820,63,85.3,6.6,0,15.1,2.4,-,0,-,-,7.9,0,5.9,7.1,8.4,9.3,7.7,7.9,5,15.1,8.6,-,-,-,-,-,-,-,-,-,-,-,-,-,-,-,-,-,-,-,-,-,-
Matthew Lowton,D,BUR,1080,56,84.6,4.5,0,11.9,7.9,9.3,6.5,3.7,8.1,10.1,11.9,6.7,3.9,6.6,6.4,0,0,0,0,3.5,0,-,0,0,-,-,-,-,-,-,-,-,-,-,-,-,-,-,-,-,-,-
Toby Alderweireld,D,TOT,1710,85,83.9,4.2,0,15.6,6.5,1.9,4.9,1.2,15.6,2.6,0.7,3.4,8.1,4.4,5.6,0,4.8,9.3,3.9,4.2,0.5,2.5,2.7,1,-,-,-,-,-,-,-,-,-,-,-,-,-,-,-,-,-,-
Jan Vertonghen,D,TOT,1109,69,83.9,5.2,0,18.3,-,0,0,1.1,5.4,4.7,2.2,4.7,4.3,0,-,-,-,3.5,6.9,18.3,15.9,6.4,9,1.4,-,-,-,-,-,-,-,-,-,-,-,-,-,-,-,-,-,-
Yerry Mina,D,EVE,1539,85,82.3,4.6,-0.3,9.3,7.3,5,5.6,6.7,3,3.1,6.7,3.1,8.5,-,1.2,5.5,3,2.9,4.3,-,-0.3,6.8,9.3,0.6,-,-,-,-,-,-,-,-,-,-,-,-,-,-,-,-,-,-
Cedric Soares,D,SOU,1018,67,82.1,5.5,0,11.3,0,0,0,6.9,8.5,11.3,-,-,-,-,-,0.9,3.6,8.5,9.1,1.8,8.7,3.8,9.6,9.4,-,-,-,-,-,-,-,-,-,-,-,-,-,-,-,-,-,-
Jeffrey Schlupp,M/D,CRY,859,57,81.8,5.5,-0.4,14.3,-,2.6,10.6,14.3,2.7,5.8,3.7,5.7,1.1,0,6.9,-0.4,2.1,12.1,12.7,1.9,-,-,-,-,-,-,-,-,-,-,-,-,-,-,-,-,-,-,-,-,-,-
Fabinho,M/D,LIV,1006,77,81.5,6.3,-0.4,14.6,10.2,0.1,13,7.6,3.1,0.7,12.4,-0.4,3.4,11.3,0,14.6,5.6,-,-,-,-,-,-,-,-,-,-,-,-,-,-,-,-,-,-,-,-,-,-,-,-,-
Aaron Connolly,F,BHA,676,52,81.2,6.3,-0.4,33.4,-,-,-,0,3,7.8,-0.4,33.4,4.6,5.8,6.2,3.7,-,2.3,9.1,-,-,3.6,2.1,-,-,-,-,-,-,-,-,-,-,-,-,-,-,-,-,-,-,-
Fikayo Tomori,D,CHE,1229,64,80.2,4.2,0,19.2,0,0,0,3.9,19.2,7.3,7.1,3.6,4.9,2.8,4.5,7,3.5,4.6,0,0,-,4.2,5.3,2.3,-,-,-,-,-,-,-,-,-,-,-,-,-,-,-,-,-,-
David Luiz,D,ARS,1530,76,80.2,4,-0.5,19.1,0,-0.5,0.4,3.7,2.8,4,4.4,19.1,2.7,14.9,1.9,3.8,6.5,3.2,2.8,0,0,4.3,4.5,1.8,-,-,-,-,-,-,-,-,-,-,-,-,-,-,-,-,-,-
Roberto Pereyra,M,WAT,874,58,79.7,5.3,0,16.5,4.5,5.6,-,10.4,16.5,0.8,9.3,8,4.1,4.9,3.7,1.3,-,0,-,6.5,-,1.1,3.3,-,-,-,-,-,-,-,-,-,-,-,-,-,-,-,-,-,-,-
Onel Hernandez,M,NOR,708,54,79.6,6.1,0,20.4,1.1,-,-,-,-,-,-,-,0,20.4,2.2,8.5,13.4,13.3,6.9,5.2,1,2,1.5,3.9,-,-,-,-,-,-,-,-,-,-,-,-,-,-,-,-,-,-
Jose Holebas,D,WAT,976,81,79.6,6.6,0,14.7,4.1,9.5,14.7,-,5.5,1.4,10,4.8,1.3,-,0,9.5,11.4,7.5,-,-,-,-,-,-,-,-,-,-,-,-,-,-,-,-,-,-,-,-,-,-,-,-
Divock Origi,F,LIV,390,21,78.8,4.4,0,28.1,22.5,0.1,0,0.6,4.2,-,4.6,1.7,3.5,0,4.8,0,0.1,0,28.1,0,8,0.6,0.1,-,-,-,-,-,-,-,-,-,-,-,-,-,-,-,-,-,-,-
Sean Longstaff,M,NEW,831,55,78.7,5.2,0,12.9,1.9,5.7,3.2,12.9,-,-,4.1,12.9,3.8,9.4,-,-,-,0,0,2,12.4,1.8,8.7,0,-,-,-,-,-,-,-,-,-,-,-,-,-,-,-,-,-,-
Etienne Capoue,M,WAT,1330,88,78.4,5.2,-1.4,13,6,3.2,8.3,-,5.2,3.8,4.2,-,-,-,-,5,8.8,6.6,4.5,3.3,5.1,-1.4,2.8,13,-,-,-,-,-,-,-,-,-,-,-,-,-,-,-,-,-,-
Jeff Hendrick,M,BUR,1232,64,77.1,4.1,-0.4,13.1,0,0,0,0,13.1,5.7,3.1,13,0.5,2,3.9,5.7,3.7,7.8,7.2,5.1,3.9,-0.4,-,3,-,-,-,-,-,-,-,-,-,-,-,-,-,-,-,-,-,-
Oleksandr Zinchenko,M/D,MCI,680,61,76.4,7,0,14.5,9.1,10.6,9.5,7.3,7.5,-,6.7,10.2,-,-,-,-,-,-,-,-,1.2,0,0,14.5,-,-,-,-,-,-,-,-,-,-,-,-,-,-,-,-,-,-
Kurt Zouma,D,CHE,1578,83,76.3,4,1.1,8.4,4.3,4.8,2.8,4.9,1.9,1.6,-,2.3,7.6,2.2,2.8,8.4,3.1,8.3,4.6,4,5.9,1.7,4.1,1.1,-,-,-,-,-,-,-,-,-,-,-,-,-,-,-,-,-,-
Bernard,M,EVE,656,41,75.4,4.7,-0.3,21,-0.3,21,4.9,0.8,1.2,1.6,-,0,19.2,1.1,-,-,-,0,10.2,0.6,7,0,8,0,-,-,-,-,-,-,-,-,-,-,-,-,-,-,-,-,-,-
Jefferson Lerma,M,BOU,1408,78,75.3,4.2,-0.4,9.3,7.7,2,0.5,2.9,0,-0.4,6.5,4.9,-,9.3,6,-,0.6,4.3,4.4,7,9.2,4.5,5.6,0,-,-,-,-,-,-,-,-,-,-,-,-,-,-,-,-,-,-
Troy Deeney,F,WAT,726,66,75.2,6.8,0,32.4,4.2,5.7,-,-,-,-,-,-,-,-,-,0,0.1,0,4.2,6.3,2.3,17.4,2.7,32.4,-,-,-,-,-,-,-,-,-,-,-,-,-,-,-,-,-,-
Isaac Hayden,M,NEW,1367,80,74.9,4.4,-0.1,10.1,7,7.4,3.7,10.1,7.4,3.6,-0.1,-,-,-,5.8,0.1,6.4,0.8,3.4,4,7.1,3.3,0,5.1,-,-,-,-,-,-,-,-,-,-,-,-,-,-,-,-,-,-
Romain Saiss,M/D,WLV,1176,69,74.5,4.4,-0.5,14.3,0.1,0,-,14.3,4.1,-0.3,5.6,0,-,6.4,1.5,-0.5,1.6,-,10.3,2.7,5.2,11.3,7.7,4.4,-,-,-,-,-,-,-,-,-,-,-,-,-,-,-,-,-,-
James Milner,M/D,LIV,573,30,74.3,3.9,-2.4,24.5,0,14.2,1.8,0,0.5,-2.4,0,24.5,0,0.5,0,0.3,0.1,0,3.1,11.1,7.7,12.8,0,-,-,-,-,-,-,-,-,-,-,-,-,-,-,-,-,-,-,-
Michail Antonio,M,WHU,551,61,73,8.1,2.3,19.9,2.4,3.7,8.3,-,-,-,-,-,-,-,-,-,19.9,6.5,-,4.8,9.1,16.1,2.3,-,-,-,-,-,-,-,-,-,-,-,-,-,-,-,-,-,-,-
Mark Noble,M,WHU,1255,73,72.7,4.3,-0.8,17.6,-,-,17.6,8.1,3.3,4.2,1.9,5,1.7,3.3,0.4,-0.8,9.4,0.1,0.8,6.3,6.8,4.5,0,-,-,-,-,-,-,-,-,-,-,-,-,-,-,-,-,-,-,-
Joel Ward,D,CRY,1104,84,72.3,5.6,0.1,10.2,6.8,7.7,1.7,8,5.3,8.5,8.8,3.5,3.6,5,10.2,0.1,3.1,-,-,-,-,-,-,-,-,-,-,-,-,-,-,-,-,-,-,-,-,-,-,-,-,-
Federico Fernandez,D,NEW,1013,56,72.3,4,0,17.7,0,0,0,0.7,0.6,0,0,-,-,10.6,14.9,1.9,6.2,4.5,6.5,17.7,2.8,4.7,0.7,0.4,-,-,-,-,-,-,-,-,-,-,-,-,-,-,-,-,-,-
Angelo Ogbonna,D,WHU,1260,70,72.1,4,0,13.4,0,4.5,1.7,3.9,4,2.6,2.4,3,3.8,0,0,0,13.2,4.3,2.8,13.4,6.4,6.1,-,-,-,-,-,-,-,-,-,-,-,-,-,-,-,-,-,-,-,-
Ainsley Maitland-Niles,M/D,ARS,941,67,72,5.1,-1.2,15,15,6.7,4.2,8.4,11.7,-1.2,0,0,-,-,-,-,0,-,-,7.1,6.3,7.5,0.3,6.1,-,-,-,-,-,-,-,-,-,-,-,-,-,-,-,-,-,-
Tom Cleverley,M,WAT,647,64,70.9,7.1,0,24.3,0,0.1,10.6,11.6,24.3,4.3,9.3,5.6,4,1.1,-,-,-,-,-,-,-,-,-,-,-,-,-,-,-,-,-,-,-,-,-,-,-,-,-,-,-,-
John Egan,D,SHU,1699,89,70.6,3.7,-1.1,7.8,4.7,3.5,3,0.9,3.5,6.2,2.4,7.1,7.8,1.5,4.3,1.6,-,-1.1,4.4,2.9,4.3,5.7,6.1,1.9,-,-,-,-,-,-,-,-,-,-,-,-,-,-,-,-,-,-
Mason Holgate,D,EVE,1008,50,70.5,3.5,0,12.2,0,2.6,0,0,0,0,0,0,0,6.8,1.2,12.2,3.9,5.7,10.2,4.1,7.3,6.2,6.3,4,-,-,-,-,-,-,-,-,-,-,-,-,-,-,-,-,-,-
Jay Rodriguez,F,BUR,726,36,70.5,3.5,-0.5,14.7,0,1,1,2.1,-0.5,1.1,11,5.1,2.4,14.7,-0.3,-0.5,1.6,2.1,0.6,7.2,1,13,4.1,3.8,-,-,-,-,-,-,-,-,-,-,-,-,-,-,-,-,-,-
Oliver McBurnie,F,SHU,786,39,70.3,3.5,0,13.2,1.1,2.1,12.7,0.7,2.8,0.2,5.3,0.7,2,0,0.1,0,13,2.6,5.8,0.1,1.7,13.2,6.2,0,-,-,-,-,-,-,-,-,-,-,-,-,-,-,-,-,-,-
Jan Bednarek,D,SOU,1798,89,69.6,3.5,1.5,6,4.6,1.5,5.5,2.3,4.2,6,1.6,5.4,3.1,2.3,3.2,2.3,1.8,2.2,4,2.7,4,4.1,5.5,3.3,-,-,-,-,-,-,-,-,-,-,-,-,-,-,-,-,-,-
Fernandinho,M/D,MCI,1395,73,69.1,3.6,0,8.9,-,0,0,1.8,0,6.5,5.6,3,5.5,1.6,3.9,4.4,8.9,4.7,1.7,3.4,4.3,4.2,5.1,4.6,-,-,-,-,-,-,-,-,-,-,-,-,-,-,-,-,-,-
Sead Kolasinac,M/D,ARS,930,62,68.8,4.6,0,9.2,-,1.1,0,7,8,7.2,2.2,7.8,6.6,0.6,1.8,5,-,4.4,5.2,9.2,2.6,-,-,-,-,-,-,-,-,-,-,-,-,-,-,-,-,-,-,-,-,-
Sofiane Boufal,M,SOU,561,31,68.7,3.8,-1.9,15.2,1.1,-,8,5.8,15.2,15.2,7.3,1.5,1.1,0,0,1.7,2.1,3.9,0,2.2,-,0,-1.9,5.5,-,-,-,-,-,-,-,-,-,-,-,-,-,-,-,-,-,-
Steve Cook,D,BOU,1440,90,68.7,4.3,0.1,16.3,4.2,2.7,1.3,4.1,5.5,0.2,0.1,3.7,5.8,7.9,3.1,3.3,16.3,6.2,-,-,-,-,1.6,2.8,-,-,-,-,-,-,-,-,-,-,-,-,-,-,-,-,-,-
Theo Walcott,F/M,EVE,597,39,68.2,4.6,-0.5,22.5,0,0.7,2.5,-,2.1,4.3,0,-,22.5,7,1.3,6.6,6.8,-,0,7.5,-,-,-0.5,7.4,-,-,-,-,-,-,-,-,-,-,-,-,-,-,-,-,-,-
Callum Hudson-Odoi,M,CHE,385,29,68.1,5.2,0,19.8,-,-,-,-,-,-,8.4,13.7,19.8,2.9,0.2,1.1,-,2.7,3,2.9,4.7,0,6.3,2.5,-,-,-,-,-,-,-,-,-,-,-,-,-,-,-,-,-,-
Seamus Coleman,D,EVE,891,55,68,4.3,-0.7,14.5,12.6,3.1,6.3,7.1,3.1,6.3,14.5,-0.7,-,0,0,0,3.2,-,-,-,4.9,0,7.7,0,-,-,-,-,-,-,-,-,-,-,-,-,-,-,-,-,-,-
Harry Winks,M,TOT,999,55,67.6,3.8,0,8,6.6,1.9,5.2,3.9,8,5.3,6.8,3.9,4.4,0.9,0,5.1,7.5,0,3.9,-,1.5,0,2.9,-,-,-,-,-,-,-,-,-,-,-,-,-,-,-,-,-,-,-
Nicolas Otamendi,D,MCI,995,52,66.4,3.5,0,16.4,0,4.5,2.6,4.5,6.5,16.4,1.1,4.8,-,0,0,0,0,0,2,14,5.9,4.2,0,0,-,-,-,-,-,-,-,-,-,-,-,-,-,-,-,-,-,-
Paul Pogba,M,MUN,521,74,66.1,9.4,5,18.7,18.7,8.1,9.4,7.5,-,-,7.2,-,-,-,-,-,-,-,-,-,-,5,10.2,-,-,-,-,-,-,-,-,-,-,-,-,-,-,-,-,-,-,-
Mason Greenwood,F,MUN,365,19,65.6,3.5,0,17.5,1.1,1.1,0.1,3.4,0,-,1.6,2.8,0,2.2,1.7,0,12.1,0.7,3.8,0,13.9,3.6,17.5,0,-,-,-,-,-,-,-,-,-,-,-,-,-,-,-,-,-,-
Ahmed Elmohamady,D,AVL,611,38,65.1,4.1,0,17,2,17,0,0,3.5,2.3,-,-,-,-,1.3,0,0,0,13.5,11.2,0,0,8.9,5.3,-,-,-,-,-,-,-,-,-,-,-,-,-,-,-,-,-,-
Marvelous Nakamba,M/D,AVL,1062,66,65,4.1,-0.1,8,-,-,-,-,3.7,6.1,6.9,5,4.6,5.6,6.3,5.6,0,0,7.2,-0.1,4.5,8,1.5,0,-,-,-,-,-,-,-,-,-,-,-,-,-,-,-,-,-,-
Michael Keane,D,EVE,1369,68,65,3.3,0,13.6,7.9,4,1.4,3.2,2.8,1.1,2.3,4.1,9.1,3.2,0,0,0,5.8,13.6,0.7,1.8,0,0,3.9,-,-,-,-,-,-,-,-,-,-,-,-,-,-,-,-,-,-
Jamal Lewis,D,NOR,1154,60,64.7,3.4,0,11.4,4.2,3,2.5,11.4,1.9,5.1,7.8,8.3,3.8,2.3,4.7,5.7,-,0,0,0.8,0,0,0,3.3,-,-,-,-,-,-,-,-,-,-,-,-,-,-,-,-,-,-
Kelechi Iheanacho,F,LEI,221,20,64.5,5.9,0,24.4,0,0,-,-,-,-,0,-,-,-,0,-,0,22.2,0,24.4,2.2,0,-,15.7,-,-,-,-,-,-,-,-,-,-,-,-,-,-,-,-,-,-
Adam Smith,M/D,BOU,840,84,64.2,6.4,2.3,15.7,2.3,4.9,3.2,5.7,-,-,-,-,4,13.5,15.7,3.8,3.7,-,7.5,-,-,-,-,-,-,-,-,-,-,-,-,-,-,-,-,-,-,-,-,-,-,-
Danny Rose,D,TOT,825,58,63.7,4.6,0,11.2,9.5,5.6,11.2,2.3,1.9,10.1,5.5,-,5.2,11.1,-,-,0,0,0,0,-,1.2,-,-,-,-,-,-,-,-,-,-,-,-,-,-,-,-,-,-,-,-
Paul Dummett,D,NEW,1215,67,63.4,3.5,0,11.2,7.9,1.6,5.2,2.3,3.3,6.5,6,0,0,0,0,0.9,1.7,2.3,4.3,4.1,6.1,11.2,-,-,-,-,-,-,-,-,-,-,-,-,-,-,-,-,-,-,-,-
James Tomkins,D,CRY,1073,71,62.1,4.1,0,15.9,-,-,-,-,0,-,0,0,1.9,0,0.4,6.3,5.5,7.1,3.3,3.4,11.5,2.3,4.6,15.9,-,-,-,-,-,-,-,-,-,-,-,-,-,-,-,-,-,-
Solomon March,M,BHA,599,54,62.1,5.6,0,15.8,4.6,11.2,10.4,5.5,15.8,-,-,0,5,0,0,4,5.6,-,-,-,-,-,-,-,-,-,-,-,-,-,-,-,-,-,-,-,-,-,-,-,-,-
Christian Atsu,M,NEW,611,33,61.4,3.4,0,13.3,-,-,9.9,11.9,13.3,0.1,4.3,0,1.7,0.7,2.2,0,0.6,7,3,0,2.6,0,1.6,2.5,-,-,-,-,-,-,-,-,-,-,-,-,-,-,-,-,-,-
Tom Davies,M,EVE,918,48,59.9,3.2,0,19.8,2.6,0,0,-,0,0,1.1,0,2.9,8.1,3.1,19.8,6.3,4.2,3.9,1.1,0.3,2.8,1.1,2.6,-,-,-,-,-,-,-,-,-,-,-,-,-,-,-,-,-,-
Martin Kelly,D,CRY,1225,68,59.4,3.3,0,8.9,4,1.5,0.7,1,-,0,2.9,8,-,0,0,1.8,2.5,6.5,6.4,5.5,8.9,3.4,2.7,3.8,-,-,-,-,-,-,-,-,-,-,-,-,-,-,-,-,-,-
Demarai Gray,F/M,LEI,361,22,58.9,3.7,-1.9,20.8,-,-,0,2.9,10.2,-1.9,1.1,0,2.5,0.8,8.1,6,2,-,-,0,6.2,0.1,0,20.8,-,-,-,-,-,-,-,-,-,-,-,-,-,-,-,-,-,-
Alex Oxlade-Chamberlain,M,LIV,512,32,58.6,3.7,0,15.1,0,6.6,0.1,2.4,6.7,0,0.5,-,2.9,0,8.8,1,2.1,11.6,0,15.1,0.8,-,-,-,-,-,-,-,-,-,-,-,-,-,-,-,-,-,-,-,-,-
Leander Dendoncker,M,WLV,1639,81,58.4,2.9,0.2,16.5,6.5,1.4,0.4,2.3,0.4,3.6,3.6,0.4,1.3,1.9,3.6,1.4,1.8,3.4,16.5,1.6,0.2,2.2,4.1,1.9,-,-,-,-,-,-,-,-,-,-,-,-,-,-,-,-,-,-
Jack Cork,M,BUR,1557,86,57.5,3.2,-0.2,7.6,1.5,6.9,0.4,6.4,4.3,7.6,0.2,-,-,6.1,0.6,4.9,1.6,4.4,4.5,0.3,4.4,-0.2,1.7,1.9,-,-,-,-,-,-,-,-,-,-,-,-,-,-,-,-,-,-
Alexander Tettey,M/D,NOR,1023,63,57.4,3.6,0,14.9,-,0.1,0,0,2,0.1,-,-,5.9,4.8,2.5,3.5,3,-,9.2,14.9,3.8,4.5,0.9,2.1,-,-,-,-,-,-,-,-,-,-,-,-,-,-,-,-,-,-
Jannik Vestergaard,D,SOU,934,58,57.4,3.6,0,15.2,5.6,2.9,9.6,15.2,8.3,4,5,-,1.7,0.2,3.7,1.1,-,-,-,0,0,0,0,0,-,-,-,-,-,-,-,-,-,-,-,-,-,-,-,-,-,-
Andre Gray,F,WAT,701,35,57.4,2.9,-1.9,19.2,1.7,1,19.2,2.3,0.6,4.1,5.1,2.7,0,2.9,1.8,14.7,-1.9,0,0,3,0,0,0,0,-,-,-,-,-,-,-,-,-,-,-,-,-,-,-,-,-,-
Steven Alzate,M,BHA,848,56,57,3.8,0,10.6,-,-,-,-,0,6.7,1.1,7.2,0.1,4.2,10.6,8.2,-,2.6,2.3,5.5,0.1,0,6.3,2,-,-,-,-,-,-,-,-,-,-,-,-,-,-,-,-,-,-
Daryl Janmaat,D,WAT,608,50,56.4,4.7,0,11.2,0,0,0,2.6,3.2,0,4.9,10.9,11.2,10.2,3.9,9.3,-,-,-,-,-,-,-,-,-,-,-,-,-,-,-,-,-,-,-,-,-,-,-,-,-,-
Tyrone Mings,D,AVL,1373,85,56.2,3.5,-1.9,13.1,8.4,4.2,4.5,2.1,2.3,2.4,0.8,0.3,2,2.7,2.2,2.3,6.2,13.1,4.5,-1.9,-,-,-,-,-,-,-,-,-,-,-,-,-,-,-,-,-,-,-,-,-,-
Granit Xhaka,M,ARS,1188,84,56.1,4,0.2,9.1,7.4,-,1.5,4.7,9.1,1.5,0.2,0.5,3.3,8.7,-,-,-,3.8,4.9,2,-,2.9,5.5,-,-,-,-,-,-,-,-,-,-,-,-,-,-,-,-,-,-,-
Angelino,D,MCI,422,30,55.8,4,0,15.9,-,-,0,0,-,4.3,-,0,0,0.6,15.9,13.8,0,0,11.4,9.8,0,-,0,-,-,-,-,-,-,-,-,-,-,-,-,-,-,-,-,-,-,-
Sokratis Papastathopoulos,D,ARS,1427,79,55.6,3.1,-0.8,15,4.3,2.9,3.2,2.9,1.7,7.2,1.4,5.2,-0.8,15,4.4,0,3.4,0,0.2,1.3,0.5,-,2.7,-,-,-,-,-,-,-,-,-,-,-,-,-,-,-,-,-,-,-
Christian Kabasele,D,WAT,1055,62,55.6,3.3,-0.7,10.9,0,0,0,2.9,2.8,0,0,10.9,3.8,3.5,0.2,-0.7,-,-,-,7.6,5.6,10.7,2,6.1,-,-,-,-,-,-,-,-,-,-,-,-,-,-,-,-,-,-
Javier Manquillo,D,NEW,755,53,55.4,4,0,15.7,3.7,0,0,1.5,0.6,6.9,0,-,-,-,-,-,-,4.2,15.7,4.7,5.6,9.9,2.5,0,-,-,-,-,-,-,-,-,-,-,-,-,-,-,-,-,-,-
Oriol Romeu,M,SOU,1127,56,55.2,2.8,-0.4,13.6,5.6,2.5,1.3,8.7,3.9,13.6,3.1,2.3,3.2,4,1.3,1,0,0,0.9,0,4.7,-0.4,-0.4,0,-,-,-,-,-,-,-,-,-,-,-,-,-,-,-,-,-,-
Andy Carroll,F,NEW,497,38,55.1,4.2,0,16.4,-,-,-,-,-,2.1,0.1,3.1,1.1,-,0.1,3,3.1,-,7.6,11.1,3.7,3.8,0,16.4,-,-,-,-,-,-,-,-,-,-,-,-,-,-,-,-,-,-
Marc Albrighton,M,LEI,353,17,54.4,2.7,0,15,4.5,1.1,0,6.6,0,0,12.2,4.3,0,5.6,0,0,0,0.7,0,2.6,0,0.9,0.8,15,-,-,-,-,-,-,-,-,-,-,-,-,-,-,-,-,-,-
Reece James,D,CHE,422,35,53.9,4.5,0,13.6,-,-,-,-,-,-,0,0,0,4.4,0,10.5,2.1,13.6,12.7,8.6,0,2,-,-,-,-,-,-,-,-,-,-,-,-,-,-,-,-,-,-,-,-
Robbie Brady,M,BUR,354,22,53.1,3.3,0,14.3,-,-,-,-,0,0,0,0,3.9,14.3,4.8,0,0,6.8,12,3.9,0,0.7,5.6,1,-,-,-,-,-,-,-,-,-,-,-,-,-,-,-,-,-,-
Victor Lindelof,D,MUN,1710,90,52.9,2.8,-0.7,13.8,3.1,2.4,2.1,2.6,5.5,1.8,1.4,-,2.5,0.8,-0.7,1.1,2.7,13.8,1.3,2.5,0.6,0.6,3.7,5,-,-,-,-,-,-,-,-,-,-,-,-,-,-,-,-,-,-
Jack Stephens,D,SOU,1018,59,52.9,3.1,0,17.9,0.9,-,-,0,0,0,-,0,0,4.7,1.3,1.8,0.3,4.5,1.4,9.1,2.1,17.9,6.4,2.5,-,-,-,-,-,-,-,-,-,-,-,-,-,-,-,-,-,-
Arthur Masuaku,D,WHU,563,51,52.5,4.8,0,19.9,-,5.9,6.8,19.9,2.6,-,-,-,3.7,-,-,-,-,0.3,0,5.1,0,0,8.3,-,-,-,-,-,-,-,-,-,-,-,-,-,-,-,-,-,-,-
Benjamin Mendy,D,MCI,653,50,51.8,4,0,14.1,-,-,-,-,-,3.6,0,-,7.4,5.2,0,-,2.5,11.8,0,0,2.9,14.1,4.3,0,-,-,-,-,-,-,-,-,-,-,-,-,-,-,-,-,-,-
Dominic Solanke,F,BOU,863,43,51.7,2.6,0,7.6,1,1.1,6,3.4,6.4,3.7,4.4,4.2,3.7,1.1,0,0.7,0,7.6,0,2.1,2,1,0,3.2,-,-,-,-,-,-,-,-,-,-,-,-,-,-,-,-,-,-
Patrick Cutrone,F,WLV,295,15,51.5,2.7,-0.5,16.6,-0.4,-0.5,0,10.7,16.6,0,0,4.1,5.6,0,0,0.1,0,0,12.5,2,0,0.7,0,-,-,-,-,-,-,-,-,-,-,-,-,-,-,-,-,-,-,-
Bukayo Saka,F/M,ARS,676,48,51.4,3.7,0,15.4,-,-,-,-,0,3.4,15.4,6.2,3.1,0.6,2.1,0,-,1,-,0,3.8,4.1,9.2,2.5,-,-,-,-,-,-,-,-,-,-,-,-,-,-,-,-,-,-
DeAndre Yedlin,D,NEW,674,61,50.5,4.6,-0.4,16.4,-,-,-,-,-,-,1.2,5.1,7.5,8,2.3,16.4,4.9,-,-,-,0,0,-0.4,5.5,-,-,-,-,-,-,-,-,-,-,-,-,-,-,-,-,-,-
Marco Stiepermann,M,NOR,922,46,50.1,2.5,-1,8.4,5.2,7.2,-1,7,2.5,3.5,2.3,8.4,0,0.3,2.4,3.9,0,0,2.8,0,3.1,0,1.1,1.4,-,-,-,-,-,-,-,-,-,-,-,-,-,-,-,-,-,-
Fabian Balbuena,D,WHU,901,47,50,2.6,-1.9,19.2,-1.9,0,0,0,0,0,0,0,0,3.9,19.2,2.6,0,8.3,1.4,3,5.1,2.9,5.4,-,-,-,-,-,-,-,-,-,-,-,-,-,-,-,-,-,-,-
Tom Trybull,M,NOR,1029,64,49.7,3.1,0,8.8,2.6,8.8,1.2,4.4,-,-,-,-,2,0,4.2,5.2,5,3.6,3.1,0,1.2,4.8,2,1.6,-,-,-,-,-,-,-,-,-,-,-,-,-,-,-,-,-,-
Jesse Lingard,M,MUN,810,47,49.6,2.9,-2.4,7,-1,1.8,6.9,2.8,-,1.1,-1.1,-,-,2.2,3.2,4.2,7,2.8,6.1,6.4,3,4.3,2.5,-2.4,-,-,-,-,-,-,-,-,-,-,-,-,-,-,-,-,-,-
Callum Robinson,F,SHU,641,33,49.3,2.6,-0.7,16.8,3.2,4.6,1.7,16.8,0,2.2,2.9,5.9,0,1.9,0,0,7.8,0.1,0,-0.7,-,0,0,2.9,-,-,-,-,-,-,-,-,-,-,-,-,-,-,-,-,-,-
Joao Cancelo,D,MCI,397,19,47.4,2.4,0,15.6,0,0,0,0,0,2.3,0,13.4,15.6,11.9,0,0,4.2,0,0,0,0,0,0,0,-,-,-,-,-,-,-,-,-,-,-,-,-,-,-,-,-,-
Jack Stacey,D,BOU,789,52,47.2,3.2,0,13.6,-,0,-,0,3.5,1.1,7,5.6,-,-,-,0,0,2.8,0,0,7.4,4.8,13.6,1.3,-,-,-,-,-,-,-,-,-,-,-,-,-,-,-,-,-,-
Charlie Taylor,D,BUR,566,40,47,3.4,0,9.8,-,0,0,0,-,0,-,4.9,0,0,3.8,6.1,9.2,0.7,-,-,-,9.8,9.5,3,-,-,-,-,-,-,-,-,-,-,-,-,-,-,-,-,-,-
Dennis Praet,M,LEI,561,29,47,2.5,0,11.7,0,2.1,3.3,0,0,1.6,4.4,6.6,0.1,0,1.5,2.4,0.8,0,2,11.7,6,0.2,4.3,-,-,-,-,-,-,-,-,-,-,-,-,-,-,-,-,-,-,-
Joel Matip,D,LIV,630,78,46.9,5.9,0,18.1,0,4,18.1,6.4,8.1,3.1,5.8,-,1.4,-,-,-,-,-,-,-,-,-,-,-,-,-,-,-,-,-,-,-,-,-,-,-,-,-,-,-,-,-
Ben Godfrey,D,NOR,1490,87,46.5,2.7,0.2,7.6,4.2,1,3.1,1.7,1.6,3.1,1.9,0.9,3,1.5,5.9,7.6,3.9,2.1,1.4,3.4,0.2,-,-,-,-,-,-,-,-,-,-,-,-,-,-,-,-,-,-,-,-,-
Moritz Leitner,M,NOR,684,68,46.3,4.6,0,11.2,0.8,5.9,2.2,4.2,-,7.7,5.7,11.2,6.4,2.3,0,-,-,-,-,-,-,-,-,-,-,-,-,-,-,-,-,-,-,-,-,-,-,-,-,-,-,-
Conor Coady,D,WLV,1800,90,46.3,2.3,-0.8,5.2,2.8,1.9,1.7,3.4,2.3,1.9,5.2,4.4,-0.8,0.6,1.6,1.6,2.2,2.7,4,2.5,1.9,0.7,2.4,3.5,-,-,-,-,-,-,-,-,-,-,-,-,-,-,-,-,-,-
Johann Berg Gudmundsson,M,BUR,356,50,45.7,6.5,-0.5,18.7,18.7,10.5,5.2,-,-,-,0,8.2,-,-,-,-,-,-,-,-,-,-,-0.5,3.5,-,-,-,-,-,-,-,-,-,-,-,-,-,-,-,-,-,-
Ciaran Clark,D,NEW,765,58,45.5,3.5,-0.8,14.3,0,0,-,0,0,-,-,5.8,-0.8,2.6,13.8,14.3,1,1.2,3.3,4.3,-,-,-,-,-,-,-,-,-,-,-,-,-,-,-,-,-,-,-,-,-,-
Pedro,F/M,CHE,312,31,44.9,4.5,0,16.2,16.2,7.7,-,-,0,0,10,-,-,0,-,-,0,9.3,-,-,0,-,1.8,-,-,-,-,-,-,-,-,-,-,-,-,-,-,-,-,-,-,-
Chris Mepham,D,BOU,811,42,44.6,2.4,0,17.6,17.6,0,3.6,4.4,0,0,0,-,0,0,0,0,0,0,4.3,1.9,3.4,3.8,0.8,4.9,-,-,-,-,-,-,-,-,-,-,-,-,-,-,-,-,-,-
Davinson Sanchez,D,TOT,1350,79,44.3,2.6,-0.2,6.7,6.7,2,2.8,0,-,-,-,0,0.7,3.4,4.1,3.2,2.6,2.2,2.8,6,0.3,5.7,-0.2,2,-,-,-,-,-,-,-,-,-,-,-,-,-,-,-,-,-,-
Shane Duffy,D,BHA,801,47,44.1,2.6,0,12.6,7.7,3.9,4.3,0,2.6,0,-,-,0.1,-,12.6,3.8,2.1,0,0,0,0,0,2.3,4.6,-,-,-,-,-,-,-,-,-,-,-,-,-,-,-,-,-,-
Gabriel Martinelli,F,ARS,366,22,44,2.8,0,18.9,0.2,0,-,-,0,0,0,1.8,1.3,0,2.5,0,1,1.4,1.5,18.9,9.6,5.8,-,-,-,-,-,-,-,-,-,-,-,-,-,-,-,-,-,-,-,-
Phil Bardsley,D,BUR,720,48,43.5,2.9,0,11.2,0,0,-,-,0,-,0,-,0,0,0,8.8,11.2,4.6,0.9,-,5.1,4.8,1.6,6.4,-,-,-,-,-,-,-,-,-,-,-,-,-,-,-,-,-,-
Luke Shaw,D,MUN,587,58,43.2,4.3,-1.3,8.7,5.4,8.3,4.7,-,-,-,-,-,-,-,-,-,-,-1.3,1,2.7,8.7,6.4,7.2,0.1,-,-,-,-,-,-,-,-,-,-,-,-,-,-,-,-,-,-
Dan Gosling,M,BOU,396,44,42.6,4.7,0,17.8,-,-,-,-,-,-,-,-,-,-,-,0,0.1,2.2,0,0.1,17.8,3.5,13.8,4.9,-,-,-,-,-,-,-,-,-,-,-,-,-,-,-,-,-,-
Willy Boly,D,WLV,719,89,42.2,5.3,2,9.4,4,2,8.5,5.5,-,3.3,9.4,6.8,2.8,-,-,-,-,-,-,-,-,-,-,-,-,-,-,-,-,-,-,-,-,-,-,-,-,-,-,-,-,-
Sam Byram,D,NOR,817,40,42.2,2.1,0,9.1,0,0,0,0,5.9,5.2,0,0,0,0.8,0,0,9.1,0.7,4.6,3.2,2.4,3.1,7.2,0,-,-,-,-,-,-,-,-,-,-,-,-,-,-,-,-,-,-
Issa Diop,D,WHU,1236,72,41.9,2.5,-1.2,10.2,3.2,4.7,1.1,10.2,5.9,3.1,0.6,3.7,0.4,1.5,1.6,6.1,-1.2,-,-,0,0,0,0.9,-,-,-,-,-,-,-,-,-,-,-,-,-,-,-,-,-,-,-
Shane Long,F,SOU,495,35,41.4,3,-0.6,14.9,-,-,-,-0.6,-0.5,0,0,4.8,0,0,0,-,2.2,4.1,14.9,5.5,5.5,5.7,-,-,-,-,-,-,-,-,-,-,-,-,-,-,-,-,-,-,-,-
Joe Willock,M,ARS,547,30,41.4,2.3,0,5.8,5.3,3.8,1.6,0,2.6,1.7,3.1,0.6,1.2,-,0,3.3,3.1,5.8,4.1,-,0.1,0.1,2.3,2.7,-,-,-,-,-,-,-,-,-,-,-,-,-,-,-,-,-,-
Christian Benteke,F,CRY,487,27,41.3,2.3,-1.5,8.3,2.6,8.3,1.1,1,4.6,3.2,0,-1.5,2,1.5,2.5,0,0.6,0.5,0,1,6.6,7.3,-,-,-,-,-,-,-,-,-,-,-,-,-,-,-,-,-,-,-,-
Ross Barkley,M,CHE,339,28,41,3.4,0,14.8,4.4,0,14.8,6.2,3.8,0,10.3,0,1.3,-,-,-,-,-,-,0,-,-,0,0,-,-,-,-,-,-,-,-,-,-,-,-,-,-,-,-,-,-
Craig Cathcart,D,WAT,1545,85,39.8,2.2,-1.4,6.1,1.3,2.7,2.9,1.4,-,-,1.7,4,0.4,6.1,0.1,3.3,4.3,1.4,2.8,2.6,3.7,1.7,-1.4,0.8,-,-,-,-,-,-,-,-,-,-,-,-,-,-,-,-,-,-
Ezri Konsa,D,AVL,645,32,39.7,2,0,8.2,0,0,0,0,0,0,0,3.1,0,0,0,3,7.3,3.8,4.5,8.2,0,0,4.5,5.3,-,-,-,-,-,-,-,-,-,-,-,-,-,-,-,-,-,-
Adam Lallana,M,LIV,282,16,38.7,2.3,0,14.9,-,0,0,0,0,1,0,0,14.9,0,11.5,0,0,1.1,2.4,-,0,0.2,7.6,-,-,-,-,-,-,-,-,-,-,-,-,-,-,-,-,-,-,-
Moise Kean,F,EVE,433,22,38.5,2,-0.8,11.1,1.1,3.1,0.6,11.1,1.3,6.1,1.9,-0.4,1,0,0,-,0,3.1,0.6,0,-0.8,0,0.5,9.3,-,-,-,-,-,-,-,-,-,-,-,-,-,-,-,-,-,-
Matt Ritchie,M/D,NEW,270,90,38.2,12.7,9,18.5,10.7,18.5,9,-,-,-,-,-,-,-,-,-,-,-,-,-,-,-,-,-,-,-,-,-,-,-,-,-,-,-,-,-,-,-,-,-,-,-
Naby Keita,M,LIV,197,15,37.5,2.9,0,28.3,0,-,-,-,-,-,-,0,0.4,0,1.1,0,0,0,0,28.3,0,6.4,1.2,-,-,-,-,-,-,-,-,-,-,-,-,-,-,-,-,-,-,-
Bjorn Engels,D,AVL,1222,71,37.2,2.2,-0.9,5.6,0.8,2.6,5.6,4.3,5.2,-0.9,1.9,2.4,2.9,1.1,0.7,-,-,0,0,2.2,4.6,3.7,0,-,-,-,-,-,-,-,-,-,-,-,-,-,-,-,-,-,-,-
Pedro Neto,F,WLV,288,16,37,2.1,-2,11.7,0,0.8,1.6,-2,0,0.6,11.7,-,-,1.9,1,1.7,0,0,8.1,0,0,2.8,2.2,6.4,-,-,-,-,-,-,-,-,-,-,-,-,-,-,-,-,-,-
Dejan Lovren,D,LIV,670,67,36.7,3.7,0,12.6,-,-,-,-,-,-,0,4.8,0,3.2,4.3,2.2,3.4,4.4,12.6,1.9,-,-,-,-,-,-,-,-,-,-,-,-,-,-,-,-,-,-,-,-,-,-
Joe Gomez,D,LIV,467,24,36.3,1.9,-0.5,10.9,1.9,0,0,0,0,0,0,0,0,0,0,-0.5,1,0,0.9,10.9,8.8,3.4,9.7,-,-,-,-,-,-,-,-,-,-,-,-,-,-,-,-,-,-,-
Christoph Zimmermann,D,NOR,756,84,36.2,4,0.3,10.1,-,-,-,0.3,-,-,-,-,-,-,-,-,2.5,5,3.9,10.1,4.4,4.1,3.9,2,-,-,-,-,-,-,-,-,-,-,-,-,-,-,-,-,-,-
Michy Batshuayi,F,CHE,119,6,35.8,2,-0.5,12.2,-,-,0,0.1,12.2,3,1,12,0,0,2,1.6,-0.5,0,1,1.1,0.1,2.1,0,0,-,-,-,-,-,-,-,-,-,-,-,-,-,-,-,-,-,-
Jamaal Lascelles,D,NEW,1002,83,35.4,3,-0.7,13.6,0.6,2.5,4.6,2.6,1,4.4,1.1,3.9,-0.7,13.6,0.7,1.1,-,-,-,-,-,-,-,-,-,-,-,-,-,-,-,-,-,-,-,-,-,-,-,-,-,-
Reiss Nelson,F/M,ARS,411,29,34.4,2.5,0,9.6,3.2,3.9,0,0,3.1,0,5,-,-,-,-,-,0,-,0,0.1,0,6.6,9.6,3.1,-,-,-,-,-,-,-,-,-,-,-,-,-,-,-,-,-,-
Lewis Cook,M,BOU,707,44,34,2.1,0,9.8,-,-,-,-,2,0,0.1,0,2.8,0,0,6.9,3.3,9.8,0.7,0.8,0.1,0.3,5,2.1,-,-,-,-,-,-,-,-,-,-,-,-,-,-,-,-,-,-
John Stones,D,MCI,700,70,34,3.4,0,7.5,7.5,-,-,-,4.7,-,-,-,0.1,6.6,3.8,3.4,2.9,4,0,1,-,-,-,-,-,-,-,-,-,-,-,-,-,-,-,-,-,-,-,-,-,-
Gary Cahill,D,CRY,1080,77,33.9,2.4,-0.8,6.7,0,0,-0.8,4.5,3.2,3.9,6.7,3.6,2.6,3,1.2,0.1,1.5,-,-,4.4,-,-,-,-,-,-,-,-,-,-,-,-,-,-,-,-,-,-,-,-,-,-
Cenk Tosun,F,EVE,290,19,32.2,2.2,0,12,0,0,-,0,-,2,0,-,-,-,12,5.8,9.6,0,0,0,0,2.7,0,0,-,-,-,-,-,-,-,-,-,-,-,-,-,-,-,-,-,-
Che Adams,F,SOU,633,35,32.2,1.8,-0.5,7.7,0.1,5.6,3.1,3.4,7.7,4.9,-,1,0,0,0,-0.5,-,0,0.3,0,0,0,2.3,4.3,-,-,-,-,-,-,-,-,-,-,-,-,-,-,-,-,-,-
Matthew Longstaff,M,NEW,359,29,32,2.7,-0.6,15.8,-,-,-,-,0,-,-,15.8,-0.6,1.8,0,0,0,0,-,-,0,0,14.9,0,-,-,-,-,-,-,-,-,-,-,-,-,-,-,-,-,-,-
Brandon Williams,D,MUN,358,29,31.7,2.7,0,15.3,-,-,-,-,-,-,0,0,0,0,2.2,4.8,15.3,0.6,0,0,0,-,-,8.9,-,-,-,-,-,-,-,-,-,-,-,-,-,-,-,-,-,-
Phil Foden,M,MCI,150,7,31.6,1.7,-0.4,11,0.6,0,0,0,0,-,0,0,0,9.7,-0.4,0,5.2,2.2,0.1,0,11,0.1,0,3.1,-,-,-,-,-,-,-,-,-,-,-,-,-,-,-,-,-,-
James McCarthy,M,CRY,440,22,31.3,1.6,-1.5,7,0,3.2,2.2,0,1.1,1.1,0.8,4.7,0,0,1.1,0.1,0,0,-1.5,0,5.4,5.4,0.6,7,-,-,-,-,-,-,-,-,-,-,-,-,-,-,-,-,-,-
Craig Dawson,D,WAT,1099,64,30.8,1.8,-1.4,5.6,5.6,3.7,1.4,0.2,1.5,1.3,2.4,2.3,1.8,3.5,-1.4,5.2,2.8,-,-,-,0,0,0.5,0,-,-,-,-,-,-,-,-,-,-,-,-,-,-,-,-,-,-
Giovani Lo Celso,M,TOT,268,19,30.6,2.2,0,11.6,-,1,3.3,0.6,-,-,-,-,-,0.1,1.1,11.6,0,2.5,0.1,0,0,0,2.7,7.5,-,-,-,-,-,-,-,-,-,-,-,-,-,-,-,-,-,-
Hamza Choudhury,M,LEI,446,29,30.5,2,-1.9,7,5.5,4.8,3.6,1.1,5,7,0.2,-1.9,0,0,-,0,-,0,0.8,-,-,-,1.8,2.5,-,-,-,-,-,-,-,-,-,-,-,-,-,-,-,-,-,-
Mario Vrancic,M,NOR,200,15,30.2,2.3,0,15.1,0,2.1,0.1,0,-,-,-,-,-,-,-,1.2,0,0,0,9.6,0,0,2,15.1,-,-,-,-,-,-,-,-,-,-,-,-,-,-,-,-,-,-
Arnaut Danjuma Groeneveld,F/M,BOU,407,40,30.2,3,0,8.2,-,-,-,-,-,-,1.2,2.5,5.1,3.9,0,1.1,2.9,8.2,2.9,2.3,-,-,-,-,-,-,-,-,-,-,-,-,-,-,-,-,-,-,-,-,-,-
Fabian Delph,M/D,EVE,749,74,29.8,3,-0.2,7.3,-,-,-,1.6,3.5,3.5,2.5,4.6,-,1.8,2.8,-,-,-,-,-,-,2.4,7.3,-0.2,-,-,-,-,-,-,-,-,-,-,-,-,-,-,-,-,-,-
Neil Taylor,D,AVL,613,43,29.8,2.1,0,7.1,3,5.1,7.1,3.8,4,3.9,0.2,0,0,0,0,2.6,-,-,0,-,0,-,-,-,-,-,-,-,-,-,-,-,-,-,-,-,-,-,-,-,-,-
Ibrahim Amadou,M,NOR,731,43,28.8,1.7,0,8.9,-,-,-,0.4,1.9,0.9,5.1,5.1,3.4,1.7,0,0,0,8.9,1.4,0,0,0,0,0,-,-,-,-,-,-,-,-,-,-,-,-,-,-,-,-,-,-
Billy Sharp,F,SHU,260,14,28.8,1.6,-0.9,11.5,11.5,0,1.7,0,-0.9,-,-,1.8,4.1,0.6,2.1,0,1,0,5.7,0,0,0,0,1,-,-,-,-,-,-,-,-,-,-,-,-,-,-,-,-,-,-
Stuart Armstrong,M,SOU,540,33,27.9,1.7,-1.9,5.4,-,0.1,2,-1.9,1,0.8,2.1,0,0,2.4,2.9,3.1,2.9,-,-,-,1.5,5.4,5.4,0.1,-,-,-,-,-,-,-,-,-,-,-,-,-,-,-,-,-,-
Yves Bissouma,M,BHA,360,25,27.7,2,-0.8,10.2,-,-,-,-,0,3.5,-0.8,1.1,0,0,-,-,0.2,1.9,0,0,10.2,1.4,1.3,8.8,-,-,-,-,-,-,-,-,-,-,-,-,-,-,-,-,-,-
Juan Mata,M,MUN,422,21,27,1.4,0,6.5,0.1,1.5,1.2,6.5,4.5,2.5,0,1.7,0,0,0,0,0,2.3,0,0,1.1,3.2,2.3,0,-,-,-,-,-,-,-,-,-,-,-,-,-,-,-,-,-,-
Adam Masina,D,WAT,485,44,26.4,2.4,-1,9.1,-,-,-,0,-,-,-,-,0,1.8,7.1,-1,2.3,2.2,4.8,9.1,-,0,-,0,-,-,-,-,-,-,-,-,-,-,-,-,-,-,-,-,-,-
Andreas Christensen,D,CHE,672,39,26.4,1.6,-0.5,7,2.6,3.5,4.6,0,-0.5,2.4,3.1,0,-,-,-,0,0,0,3.8,7,0,0,0,0,-,-,-,-,-,-,-,-,-,-,-,-,-,-,-,-,-,-
Kieran Tierney,D,ARS,299,33,26.3,2.9,0,11.6,-,-,-,-,-,-,-,0,0,4.8,4.9,0,11.6,0,4.2,0.8,-,-,-,-,-,-,-,-,-,-,-,-,-,-,-,-,-,-,-,-,-,-
Alireza Jahanbakhsh,F,BHA,106,15,25.8,3.7,0,24,-,-,-,0,-,-,0,0,-,-,-,-,0,-,-,1.8,0,-,-,24,-,-,-,-,-,-,-,-,-,-,-,-,-,-,-,-,-,-
Eric Dier,M/D,TOT,611,32,25.6,1.4,-0.8,7.4,0,0,0,-,0,0,2,3.4,0,0,0,-0.8,4.5,3.7,0,3.9,7.4,-0.1,1.6,0,-,-,-,-,-,-,-,-,-,-,-,-,-,-,-,-,-,-
Christian Fuchs,D,LEI,364,72,25.6,5.1,0.2,8.7,-,6.4,4.5,0.2,-,-,-,-,-,-,-,-,-,-,8.7,-,-,-,-,5.9,-,-,-,-,-,-,-,-,-,-,-,-,-,-,-,-,-,-
Luke Freeman,F/M,SHU,324,16,24.9,1.2,-0.5,8.4,2.6,4.9,7.5,8.4,0,0,0,0,0,0,0,0,0,-0.5,0.4,0,0,1.6,0,0,-,-,-,-,-,-,-,-,-,-,-,-,-,-,-,-,-,-
Maya Yoshida,D,SOU,558,27,24.2,1.2,0,5.4,0,4.4,0,1.1,5.4,0,4.5,3.3,2.6,2.8,0,0,0,0,0,0,0,0,0,0,-,-,-,-,-,-,-,-,-,-,-,-,-,-,-,-,-,-
Xherdan Shaqiri,M,LIV,174,15,23.8,2.2,0,20.4,0,0,0,1,0.3,0,-,-,-,-,-,-,-,0,20.4,1.1,1,0,-,-,-,-,-,-,-,-,-,-,-,-,-,-,-,-,-,-,-,-
Yan Valery,D,SOU,558,42,23.6,1.8,-0.8,5.8,2.8,5,2.1,0,0,-,0,5.3,-0.8,5.8,1.2,0,0,2.1,-,-,-,-,-,-,-,-,-,-,-,-,-,-,-,-,-,-,-,-,-,-,-,-
Max Meyer,M,CRY,358,22,23.3,1.5,0,8.6,6.8,1.8,0,0,0,0,0.1,0,0,0,0.1,-,0,-,-,-,2.4,1.5,8.6,2.2,-,-,-,-,-,-,-,-,-,-,-,-,-,-,-,-,-,-
Morgan Schneiderlin,M,EVE,742,57,23,1.8,-2,7.5,-2,-,7.5,0,2.7,3.5,-0.4,0.3,-,0,-,4.1,1.1,0.6,0.5,5,-,-,-,-,-,-,-,-,-,-,-,-,-,-,-,-,-,-,-,-,-,-
Kyle Walker-Peters,D,TOT,242,48,22.8,4.6,0,12.1,12.1,4.4,6.4,-,-,-,-,-,-,-,-,-,0,0,-,-,-,-,-,-,-,-,-,-,-,-,-,-,-,-,-,-,-,-,-,-,-,-
Emil Krafth,D,NEW,420,21,22.5,1.1,-0.5,5.9,0,5.9,5.6,2.4,3.8,0,4.2,-0.5,0,0,0,0,0,0,1,0,0,0,0,0,-,-,-,-,-,-,-,-,-,-,-,-,-,-,-,-,-,-
Adrian Mariappa,D,WAT,777,59,22.5,1.7,-0.6,9.3,-,-,-,-,0,2.7,-,-,-,0,-0.6,0,4.7,0.8,2.7,0,0.4,9.3,2.5,0,-,-,-,-,-,-,-,-,-,-,-,-,-,-,-,-,-,-
Grant Hanley,D,NOR,540,60,22.4,2.5,0,5,0,5,5,-,0,0,0,-,-,-,-,-,-,-,-,-,-,4.1,4.7,3.6,-,-,-,-,-,-,-,-,-,-,-,-,-,-,-,-,-,-
Nathaniel Chalobah,M,WAT,386,21,21.3,1.2,0,7.7,-,-,0,1.3,0,0,0,0,1.4,0.3,3.2,0,0,2.7,0,1.2,0,1.5,7.7,2.1,-,-,-,-,-,-,-,-,-,-,-,-,-,-,-,-,-,-
Ruben Vinagre,M/D,WLV,298,14,20.5,1,0,4.7,0,0,0,3.5,0,0,0,3.1,0,2.6,3.8,0,0,0,0,0,0,0,2.8,4.7,-,-,-,-,-,-,-,-,-,-,-,-,-,-,-,-,-,-
Pablo Zabaleta,D,WHU,289,15,20.1,1.1,0,8.4,0,0,0,0,2.5,2.1,0,1.1,0,8.4,3,0,0,0,0,0,0,3,0,-,-,-,-,-,-,-,-,-,-,-,-,-,-,-,-,-,-,-
Michael Obafemi,F,SOU,259,19,19.7,1.5,-0.4,13.7,-0.4,0,0,-,-,-,0,0.5,-,-,-,0,4.8,1.2,0,0,0,0,13.7,-,-,-,-,-,-,-,-,-,-,-,-,-,-,-,-,-,-,-
Antonio Rudiger,D,CHE,405,81,19,3.8,1.9,5.8,-,-,-,-,2.6,-,-,-,-,-,-,-,-,-,-,-,5.8,4.6,4.1,1.9,-,-,-,-,-,-,-,-,-,-,-,-,-,-,-,-,-,-
Glenn Murray,F,BHA,399,19,18.8,0.9,-0.4,5.5,1.1,3.2,2.3,0,5.5,0,1.7,0,0,-0.4,0,1.1,0,0,0,2.1,0,0.2,0,2.1,-,-,-,-,-,-,-,-,-,-,-,-,-,-,-,-,-,-
Simon Francis,D,BOU,369,33,18.4,1.7,-0.9,5.2,-,-,-,-,-,-,0.1,1.7,0,0,0,5.2,-0.9,-,4.1,2.9,5,0.3,-,-,-,-,-,-,-,-,-,-,-,-,-,-,-,-,-,-,-,-
Kevin Danso,D,SOU,276,23,17.7,1.5,0,6,-,0,4.3,6,-,2.1,0,0,1,1.2,3.1,0,-,-,0,-,-,-,0,-,-,-,-,-,-,-,-,-,-,-,-,-,-,-,-,-,-,-
Aymeric Laporte,D,MCI,307,76,17.5,4.4,-1.5,7.3,7.3,4.5,7.2,-1.5,-,-,-,-,-,-,-,-,-,-,-,-,-,-,-,-,-,-,-,-,-,-,-,-,-,-,-,-,-,-,-,-,-,-
Andre Gomes,M,EVE,585,73,17.2,2.1,-0.2,5.1,4.5,2.6,0.6,5.1,-,-,-,1.1,-0.1,-0.2,3.5,-,-,-,-,-,-,-,-,-,-,-,-,-,-,-,-,-,-,-,-,-,-,-,-,-,-,-
Josip Drmic,F,NOR,115,11,17.1,1.7,0,12,0,-,-,1.1,0,0.1,1.7,12,0,0,1,1,-,-,-,-,-,-,-,-,-,-,-,-,-,-,-,-,-,-,-,-,-,-,-,-,-,-
Jota,M,AVL,313,28,16.8,1.5,-0.4,8.4,-0.4,3.2,8.4,1.7,1.7,0,0,0,-,-,-,-,-,-,1.1,-,-,-,0,1.1,-,-,-,-,-,-,-,-,-,-,-,-,-,-,-,-,-,-
Dennis Srbeny,F,NOR,41,2,16.8,0.9,-0.4,12,-,0,1,-,2,0,0,-0.4,1,0,0.1,0,12,0,0,1,0,0,0,0,-,-,-,-,-,-,-,-,-,-,-,-,-,-,-,-,-,-
Hector Bellerin,M/D,ARS,263,52,16.3,3.3,0,6.9,-,-,-,-,-,-,-,-,-,0,0,6.8,6.9,-,2.6,-,-,-,-,-,-,-,-,-,-,-,-,-,-,-,-,-,-,-,-,-,-,-
Florian Lejeune,D,NEW,254,63,16.3,4.1,0,8.9,-,-,-,-,-,-,-,-,-,-,-,-,-,-,-,-,0,8.9,3.9,3.5,-,-,-,-,-,-,-,-,-,-,-,-,-,-,-,-,-,-
Aaron Lennon,M,BUR,386,21,16.1,0.9,-1.5,3.9,1,1.6,-1.5,2.4,1.4,0.1,0,0.1,1.8,0,0,0,0,3.8,3.9,0.7,0,0.8,-,-,-,-,-,-,-,-,-,-,-,-,-,-,-,-,-,-,-,-
Nacho Monreal,D,ARS,270,90,15.9,5.3,4.3,7.2,7.2,4.4,4.3,-,-,-,-,-,-,-,-,-,-,-,-,-,-,-,-,-,-,-,-,-,-,-,-,-,-,-,-,-,-,-,-,-,-,-
Chicharito,F,WHU,107,53,15.8,7.9,3.1,12.7,3.1,12.7,-,-,-,-,-,-,-,-,-,-,-,-,-,-,-,-,-,-,-,-,-,-,-,-,-,-,-,-,-,-,-,-,-,-,-,-
Scott Dann,D,CRY,336,24,15.8,1.1,0,7.7,4.4,2.8,0,-,-,0,0,0,0.1,0,0,0,0,7.7,-,0,0.9,-,-,-,-,-,-,-,-,-,-,-,-,-,-,-,-,-,-,-,-,-
Ryan Bennett,D,WLV,552,39,14.2,1,-0.8,7.2,7.2,-0.8,2.7,1.8,-,-,0,2.1,0.2,-,-,0,-,-,0.1,0,0,0,0,0.8,-,-,-,-,-,-,-,-,-,-,-,-,-,-,-,-,-,-
Nemanja Matic,M,MUN,250,25,14,1.4,0,4.9,0,0,0,4,2.1,4.9,0,0,-,-,-,-,-,-,-,-,-,0,-,3,-,-,-,-,-,-,-,-,-,-,-,-,-,-,-,-,-,-
Danny Welbeck,F,WAT,210,35,13.7,2.3,0,8.3,-,1.1,3.1,0,-,-,8.3,1.2,0,-,-,-,-,-,-,-,-,-,-,-,-,-,-,-,-,-,-,-,-,-,-,-,-,-,-,-,-,-
Bernardo,D,BHA,145,14,13.4,1.3,0,9.9,0.1,0,0,3.4,-,-,-,-,-,-,-,-,-,-,0,0,0,0,9.9,0,-,-,-,-,-,-,-,-,-,-,-,-,-,-,-,-,-,-
Ben Davies,D,TOT,361,30,13.2,1.1,0,5,-,0,2.6,0,0.2,0,0,5,0,0,2.7,1.8,1,-,-,-,-,-,-,-,-,-,-,-,-,-,-,-,-,-,-,-,-,-,-,-,-,-
Florin Andone,F,BHA,72,24,13.1,4.4,-2,13.1,13.1,2,-2,-,-,-,-,-,-,-,-,-,-,-,-,-,-,-,-,-,-,-,-,-,-,-,-,-,-,-,-,-,-,-,-,-,-,-
James Justin,M/D,LEI,110,5,12.8,0.6,0,8.2,0,0,0,0,0,0,0,0,0,0,0,0,0,0,8.2,1.9,0,0,0,2.8,-,-,-,-,-,-,-,-,-,-,-,-,-,-,-,-,-,-
Ki Sung-yueng,M,NEW,136,27,11.7,2.3,0,5,-,3.2,-,0,0,3.5,5,-,-,-,-,-,-,-,-,-,-,-,-,-,-,-,-,-,-,-,-,-,-,-,-,-,-,-,-,-,-,-
Olivier Giroud,F,CHE,191,15,11.2,0.9,-0.4,5.2,0.6,5.2,-0.4,0,0,-,-,-,0,1.9,0,0,0,3.9,0,-,-,-,-,-,-,-,-,-,-,-,-,-,-,-,-,-,-,-,-,-,-,-
Ryan Sessegnon,M,TOT,162,27,10.9,1.8,0,8.3,-,-,-,-,-,-,-,-,-,-,0,0,-,-,-,0.6,0,-,2,8.3,-,-,-,-,-,-,-,-,-,-,-,-,-,-,-,-,-,-
Keinan Davis,F,AVL,74,8,10.6,1.2,0,4.8,-,0,0,2.2,1,0,0.5,0,2.1,4.8,-,-,-,-,-,-,-,-,-,-,-,-,-,-,-,-,-,-,-,-,-,-,-,-,-,-,-,-
Matej Vydra,F,BUR,83,7,10.2,0.9,0,7.1,-,-,0,0,7.1,0,-,0,0,2,1,-,-,-,0,0,0,-,-,-,-,-,-,-,-,-,-,-,-,-,-,-,-,-,-,-,-,-
Mamadou Sakho,D,CRY,421,60,10.1,1.5,-2.3,4.9,-,-,-,0.1,3.3,1.8,-,-,-,-,-,-,-,0.7,-2.3,-,-,-,4.9,1.7,-,-,-,-,-,-,-,-,-,-,-,-,-,-,-,-,-,-
Leighton Baines,D,EVE,153,17,9.9,1.1,0,5.4,-,-,-,-,-,-,-,-,0,-,-,0,-,0,0,1,3.5,0,0,5.4,-,-,-,-,-,-,-,-,-,-,-,-,-,-,-,-,-,-
Kortney Hause,D,AVL,360,72,9.3,1.9,-0.3,6.5,-,-,-,-,-,-,-,-,-,-,-,-,0,-,-,-,-0.3,1.3,6.5,1.7,-,-,-,-,-,-,-,-,-,-,-,-,-,-,-,-,-,-
Axel Tuanzebe,D,MUN,187,14,9.1,0.7,0,4.9,0,0,0,0,0,0,4.1,4.9,-,-,-,-,0.1,0,0,0,0,-,-,-,-,-,-,-,-,-,-,-,-,-,-,-,-,-,-,-,-,-
Morgan Gibbs-White,F/M,WLV,120,12,8.5,0.9,0,5.6,0,0,5.6,0,1.1,0,1.7,0,0,-,0,-,-,-,-,-,-,-,-,-,-,-,-,-,-,-,-,-,-,-,-,-,-,-,-,-,-,-
Connor Wickham,F,CRY,30,3,7.7,0.9,-0.5,8.6,-0.5,-0.4,0,-,-,-,-,-,-,-,-,-,-,-,0,0,0,0,8.6,0,-,-,-,-,-,-,-,-,-,-,-,-,-,-,-,-,-,-
Gaetan Bong,D,BHA,57,14,7.6,1.9,0,4.4,-,-,-,-,0,2.5,4.4,0.8,-,-,-,-,-,-,-,-,-,-,-,-,-,-,-,-,-,-,-,-,-,-,-,-,-,-,-,-,-,-
Charlie Daniels,D,BOU,127,42,7.6,2.5,0,6.8,0,6.8,0.8,-,-,-,-,-,-,-,-,-,-,-,-,-,-,-,-,-,-,-,-,-,-,-,-,-,-,-,-,-,-,-,-,-,-,-
Henrikh Mkhitaryan,F/M,ARS,111,27,7.4,1.9,0,4.8,4.8,0,0.9,1.8,-,-,-,-,-,-,-,-,-,-,-,-,-,-,-,-,-,-,-,-,-,-,-,-,-,-,-,-,-,-,-,-,-,-
Muhamed Besic,M,SHU,121,6,7,0.4,0,3.7,0,0,0,0,0,-,0,0,0,0,0,0,0,0,0,3.7,0.8,0.1,0,2.4,-,-,-,-,-,-,-,-,-,-,-,-,-,-,-,-,-,-
Eric Garcia,D,MCI,167,20,7,0.9,0,5.1,-,-,-,-,-,1.5,-,0,0,-,-,-,-,-,0.1,-,0,0,0.3,5.1,-,-,-,-,-,-,-,-,-,-,-,-,-,-,-,-,-,-
Henri Lansbury,M,AVL,179,9,6.9,0.4,-0.3,4.6,0,0,0,-0.3,0,0.1,-,-,0,0,0,2.1,0.1,0.5,0,0,-0.1,0,0,4.6,-,-,-,-,-,-,-,-,-,-,-,-,-,-,-,-,-,-
Jordon Ibe,M,BOU,48,6,6.4,0.8,0,4.7,0,0,1.7,4.7,0,0,0,-,-,-,-,-,-,-,-,0,-,-,-,-,-,-,-,-,-,-,-,-,-,-,-,-,-,-,-,-,-,-
Jack Wilshere,M,WHU,175,25,6.1,0.9,0,3.4,3.4,0.2,-,-,0,1.2,0,0.1,1.1,-,-,-,-,-,-,-,-,-,-,-,-,-,-,-,-,-,-,-,-,-,-,-,-,-,-,-,-,-
Jack Simpson,D,BOU,145,12,5.9,0.5,0,4.1,0,-,0,0,0,0,-,-,-,-,-,-,-,0,0,1.8,0,0,4.1,0,-,-,-,-,-,-,-,-,-,-,-,-,-,-,-,-,-,-
Jurgen Locadia,F,BHA,86,28,5.9,2,0,3.9,3.9,0,2,-,-,-,-,-,-,-,-,-,-,-,-,-,-,-,-,-,-,-,-,-,-,-,-,-,-,-,-,-,-,-,-,-,-,-
Ezequiel Schelotto,D,BHA,125,15,5.8,0.7,0,3.8,-,-,-,-,-,-,0,-,-,0.8,1,0,0.2,0,-,-,0,-,3.8,-,-,-,-,-,-,-,-,-,-,-,-,-,-,-,-,-,-,-
Junior Stanislas,M,BOU,62,15,5.7,1.4,0,5.7,-,-,-,-,-,-,-,-,-,-,-,-,-,-,-,-,0,0,0,5.7,-,-,-,-,-,-,-,-,-,-,-,-,-,-,-,-,-,-
Isaac Success,F/M,WAT,50,5,5.6,0.6,0,3.8,0.7,-,-,3.8,-,-,-,-,-,-,0,-,-,-,0.6,0,0,0.5,0,0,-,-,-,-,-,-,-,-,-,-,-,-,-,-,-,-,-,-
Nathan Holland,F,WHU,31,15,5.6,2.8,2.8,2.8,-,-,-,-,-,-,-,-,-,-,-,-,-,-,2.8,2.8,-,-,-,-,-,-,-,-,-,-,-,-,-,-,-,-,-,-,-,-,-,-
Shkodran Mustafi,D,ARS,170,34,5.6,1.1,0,5.3,-,-,-,-,-,-,-,-,-,-,-,-,0,5.3,-,-,-,0,0.1,0.1,-,-,-,-,-,-,-,-,-,-,-,-,-,-,-,-,-,-
Nampalys Mendy,M,LEI,71,35,5.5,2.8,-0.5,6,-,-,-0.5,-,-,-,-,-,-,-,-,-,-,-,-,-,-,-,-,6,-,-,-,-,-,-,-,-,-,-,-,-,-,-,-,-,-,-
Tariq Lamptey,M/D,CHE,31,31,5.5,5.5,5.5,5.5,-,-,-,-,-,-,-,-,-,-,-,-,-,-,-,-,-,-,-,5.5,-,-,-,-,-,-,-,-,-,-,-,-,-,-,-,-,-,-
Jean-Philippe Gbamin,M,EVE,135,67,5.5,2.8,2.5,3,2.5,3,-,-,-,-,-,-,-,-,-,-,-,-,-,-,-,-,-,-,-,-,-,-,-,-,-,-,-,-,-,-,-,-,-,-,-,-
Phil Jagielka,D,SHU,128,7,5.3,0.3,0,3.7,0,0.5,0,-,-,1,0,0,0,0,0,0,3.7,0,0,0,0,0,0,0,-,-,-,-,-,-,-,-,-,-,-,-,-,-,-,-,-,-
Wes Morgan,D,LEI,146,7,5.2,0.3,-0.5,5.5,0,0,0,-,0,0,0,0,0,0,-0.5,0,0.1,0,0,0,0,0,0,5.5,-,-,-,-,-,-,-,-,-,-,-,-,-,-,-,-,-,-
Ben Osborn,M/D,SHU,51,4,5.2,0.4,0,3.1,0,0,0,3.1,0,0,0,0,-,-,-,-,0,-,-,-,0,2.1,-,0,-,-,-,-,-,-,-,-,-,-,-,-,-,-,-,-,-,-
Max Kilman,D,WLV,180,12,4.5,0.3,0,2.9,-,-,-,-,0,-,0,0,0,0,0,0,0,1.6,0,0,0,0,0,2.9,-,-,-,-,-,-,-,-,-,-,-,-,-,-,-,-,-,-
Diogo Dalot,D,MUN,60,60,4.5,4.5,4.5,4.5,-,-,-,-,-,-,-,4.5,-,-,-,-,-,-,-,-,-,-,-,-,-,-,-,-,-,-,-,-,-,-,-,-,-,-,-,-,-,-
Dwight Gayle,F,NEW,152,11,3.9,0.3,-0.5,2.2,-,-,-,-,-,-,-,0,0,-0.5,0,0,1,0,0,0,1.1,0,2.2,0,-,-,-,-,-,-,-,-,-,-,-,-,-,-,-,-,-,-
Juan Foyth,D,TOT,66,6,3.9,0.4,0,2.1,-,-,-,-,-,-,-,0,0,-,2.1,1,0,-,0,-,0,0,0,0.8,-,-,-,-,-,-,-,-,-,-,-,-,-,-,-,-,-,-
Emile Smith-Rowe,F/M,ARS,97,24,3.8,1,0,2.2,-,-,-,-,-,-,-,-,-,-,-,-,-,-,-,-,2.2,1.6,0,0,-,-,-,-,-,-,-,-,-,-,-,-,-,-,-,-,-,-
Rob Holding,D,ARS,77,15,3.8,0.8,0,3.8,-,-,-,-,-,-,0,0,0,0,-,3.8,-,-,-,-,-,-,-,-,-,-,-,-,-,-,-,-,-,-,-,-,-,-,-,-,-,-
Marcos Rojo,D,MUN,121,15,3.2,0.4,0,2.2,-,-,-,0,-,0,0,1,2.2,0,0,0,-,-,-,-,-,-,-,-,-,-,-,-,-,-,-,-,-,-,-,-,-,-,-,-,-,-
Jesus Vallejo,D,WLV,162,13,3,0.3,0,2.1,-,-,0,0,2.1,0,-,0,1,0,-,-,0,0,-,0,-,0,0,-,-,-,-,-,-,-,-,-,-,-,-,-,-,-,-,-,-,-
Yoshinori Muto,F,NEW,111,12,2.9,0.3,-0.4,1.1,0,-0.4,0,1,0.1,0,1.1,-,-,0,-,-,-,-,-,-,1.1,-,-,-,-,-,-,-,-,-,-,-,-,-,-,-,-,-,-,-,-,-
Domingos Quina,M,WAT,14,1,2.6,0.3,0,2,-,0,0.5,-,-,-,0,-,-,0,-,-,-,0,2,-,0,-,0,0,-,-,-,-,-,-,-,-,-,-,-,-,-,-,-,-,-,-
Phil Jones,D,MUN,45,7,2.4,0.4,0,2.4,-,-,-,-,0,-,-,-,0,-,-,0,2.4,-,-,-,-,-,0,0,-,-,-,-,-,-,-,-,-,-,-,-,-,-,-,-,-,-
Jairo Riedewald,M/D,CRY,205,20,2,0.2,0,0.9,-,-,-,-,0,-,-,-,0,-,-,0,-,0,0,0.9,0.4,0,0.2,0.6,-,-,-,-,-,-,-,-,-,-,-,-,-,-,-,-,-,-
Dimitri Foulquier,D,WAT,58,6,1.9,0.2,0,0.7,-,-,-,-,0,0.5,-,-,-,0.6,0,-,0,0.7,0,0,0,-,-,-,-,-,-,-,-,-,-,-,-,-,-,-,-,-,-,-,-,-
Billy Gilmour,M,CHE,9,3,1.7,0.6,0,1.1,-,-,-,0.6,-,-,-,-,-,-,0,1.1,-,-,-,-,-,-,-,-,-,-,-,-,-,-,-,-,-,-,-,-,-,-,-,-,-,-
Sebastian Prodl,D,WAT,57,28,1.6,0.8,0,1.6,-,-,-,-,-,-,-,1.6,-,0,-,-,-,-,-,-,-,-,-,-,-,-,-,-,-,-,-,-,-,-,-,-,-,-,-,-,-,-
Patrick Roberts,F/M,NOR,24,3,1.6,0.2,0,1,0,0,-,-,-,0.5,1,0.1,-,-,-,-,0,0,-,-,-,-,-,-,-,-,-,-,-,-,-,-,-,-,-,-,-,-,-,-,-,-
Andrew Surman,M,BOU,57,4,1.5,0.1,0,1.3,0,1.3,0,0.2,0,0,0,0,0,-,-,-,-,-,-,0,0,0,0,0,-,-,-,-,-,-,-,-,-,-,-,-,-,-,-,-,-,-
Curtis Jones,M,LIV,14,4,1.3,0.4,0,1.3,-,-,-,-,-,-,-,-,-,-,-,-,-,-,-,1.3,-,0,0,-,-,-,-,-,-,-,-,-,-,-,-,-,-,-,-,-,-,-
James Garner,M,MUN,8,1,1.3,0.2,0,1.3,-,-,-,-,-,-,-,-,0,1.3,0,0,0,0,0,-,-,-,-,-,-,-,-,-,-,-,-,-,-,-,-,-,-,-,-,-,-,-
Danny Drinkwater,M,BUR,59,7,1.3,0.2,0,1.3,-,-,-,0,-,-,-,-,-,-,-,-,-,0,1.3,0,0,0,0,0,-,-,-,-,-,-,-,-,-,-,-,-,-,-,-,-,-,-
Leon Clarke,F,SHU,13,13,1.1,1.1,1.1,1.1,-,-,-,-,-,-,1.1,-,-,-,-,-,-,-,-,-,-,-,-,-,-,-,-,-,-,-,-,-,-,-,-,-,-,-,-,-,-,-
Georges-Kevin Nkoudou,M,TOT,2,2,1,1,1,1,1,-,-,-,-,-,-,-,-,-,-,-,-,-,-,-,-,-,-,-,-,-,-,-,-,-,-,-,-,-,-,-,-,-,-,-,-,-
Carlos Sanchez,M/D,WHU,113,7,1,0.1,-0.3,0.9,0,0,0.1,0.1,-,0,-,-,-,0,0,0,-0.3,0,0,0,0.1,0,0.9,-,-,-,-,-,-,-,-,-,-,-,-,-,-,-,-,-,-,-
Ravel Morrison,M,SHU,12,6,0.6,0.3,0,0.6,-,-,0.6,-,-,0,-,-,-,-,-,-,-,-,-,-,-,-,-,-,-,-,-,-,-,-,-,-,-,-,-,-,-,-,-,-,-,-
Jonathan Kodjia,F,AVL,93,8,0.3,0,-0.9,1.1,0.1,-,-,-,-,-,-,-,-,-,0,0,0,0,0,0,0.1,-0.9,0,1.1,-,-,-,-,-,-,-,-,-,-,-,-,-,-,-,-,-,-
Albian Ajeti,F,WHU,122,7,0.2,0,-0.5,1.6,-,0,0,0,0,0,0,0,-0.5,-0.5,1.6,-0.4,0,0,-0.5,-,0,0,0.5,-,-,-,-,-,-,-,-,-,-,-,-,-,-,-,-,-,-,-
Angel Almeida Gomes,F/M,MUN,9,3,0.1,0,0,0.1,-,-,-,-,0,0.1,-,0,-,-,-,-,-,-,-,-,-,-,-,-,-,-,-,-,-,-,-,-,-,-,-,-,-,-,-,-,-,-
Troy Parrott,F,TOT,5,2,0.1,0,0,0.1,-,-,-,-,-,-,-,-,-,-,0,-,-,-,-,0.1,-,-,-,-,-,-,-,-,-,-,-,-,-,-,-,-,-,-,-,-,-,-
Victor Camarasa,M,CRY,5,0,0.1,0,0,0.1,0,-,-,0,0.1,-,-,0,-,-,0,-,-,0,0,0,0,-,0,0,-,-,-,-,-,-,-,-,-,-,-,-,-,-,-,-,-,-